birth_year,season_float,frac_exposed
1918.0,1918.0,0.04765136757258405
1918.0,1919.0,0.952841191123198
1918.0,1920.0,1.0
1918.0,1921.0,1.0
1918.0,1922.0,1.0
1918.0,1923.0,1.0
1918.0,1924.0,1.0
1918.0,1925.0,1.0
1918.0,1926.0,1.0
1918.0,1927.0,1.0
1918.0,1928.0,1.0
1918.0,1929.0,1.0
1918.0,1930.0,1.0
1918.0,1931.0,1.0
1918.0,1932.0,1.0
1918.0,1933.0,1.0
1918.0,1934.0,1.0
1918.0,1935.0,1.0
1918.0,1936.0,1.0
1918.0,1937.0,1.0
1918.0,1938.0,1.0
1918.0,1939.0,1.0
1918.0,1940.0,1.0
1918.0,1941.0,1.0
1918.0,1942.0,1.0
1918.0,1943.0,1.0
1918.0,1944.0,1.0
1918.0,1945.0,1.0
1918.0,1946.0,1.0
1918.0,1947.0,1.0
1918.0,1948.0,1.0
1918.0,1949.0,1.0
1918.0,1950.0,1.0
1918.0,1951.0,1.0
1918.0,1952.0,1.0
1918.0,1953.0,1.0
1918.0,1954.0,1.0
1918.0,1955.0,1.0
1918.0,1956.0,1.0
1918.0,1957.0,1.0
1918.0,1958.0,1.0
1918.0,1959.0,1.0
1918.0,1960.0,1.0
1918.0,1961.0,1.0
1918.0,1962.0,1.0
1918.0,1963.0,1.0
1918.0,1964.0,1.0
1918.0,1965.0,1.0
1918.0,1966.0,1.0
1918.0,1967.0,1.0
1918.0,1968.0,1.0
1918.0,1969.0,1.0
1918.0,1970.0,1.0
1918.0,1971.0,1.0
1918.0,1972.0,1.0
1918.0,1973.0,1.0
1918.0,1974.0,1.0
1918.0,1975.0,1.0
1918.0,1976.0,1.0
1918.0,1977.0,1.0
1918.0,1978.0,1.0
1918.0,1979.0,1.0
1918.0,1980.0,1.0
1918.0,1981.0,1.0
1918.0,1982.0,1.0
1918.0,1983.0,1.0
1918.0,1984.0,1.0
1918.0,1985.0,1.0
1918.0,1986.0,1.0
1918.0,1987.0,1.0
1918.0,1988.0,1.0
1918.0,1989.0,1.0
1918.0,1990.0,1.0
1918.0,1991.0,1.0
1918.0,1992.0,1.0
1918.0,1993.0,1.0
1918.0,1994.0,1.0
1918.0,1995.0,1.0
1918.0,1996.0,1.0
1918.0,1997.0,1.0
1918.0,1998.0,1.0
1918.0,1999.0,1.0
1918.0,2000.0,1.0
1918.0,2001.0,1.0
1918.0,2002.0,1.0
1918.0,2003.0,1.0
1918.0,2004.0,1.0
1918.0,2005.0,1.0
1918.0,2006.0,1.0
1918.0,2007.0,1.0
1918.0,2008.0,1.0
1918.0,2009.0,1.0
1918.0,2009.5,1.0
1918.0,2010.0,1.0
1918.0,2011.0,1.0
1918.0,2012.0,1.0
1918.0,2013.0,1.0
1918.0,2014.0,1.0
1918.0,2015.0,1.0
1918.0,2016.0,1.0
1918.0,2017.0,1.0
1918.0,2018.0,1.0
1919.0,1919.0,0.046752285165554186
1919.0,1920.0,0.8745820806574275
1919.0,1921.0,1.0
1919.0,1922.0,1.0
1919.0,1923.0,1.0
1919.0,1924.0,1.0
1919.0,1925.0,1.0
1919.0,1926.0,1.0
1919.0,1927.0,1.0
1919.0,1928.0,1.0
1919.0,1929.0,1.0
1919.0,1930.0,1.0
1919.0,1931.0,1.0
1919.0,1932.0,1.0
1919.0,1933.0,1.0
1919.0,1934.0,1.0
1919.0,1935.0,1.0
1919.0,1936.0,1.0
1919.0,1937.0,1.0
1919.0,1938.0,1.0
1919.0,1939.0,1.0
1919.0,1940.0,1.0
1919.0,1941.0,1.0
1919.0,1942.0,1.0
1919.0,1943.0,1.0
1919.0,1944.0,1.0
1919.0,1945.0,1.0
1919.0,1946.0,1.0
1919.0,1947.0,1.0
1919.0,1948.0,1.0
1919.0,1949.0,1.0
1919.0,1950.0,1.0
1919.0,1951.0,1.0
1919.0,1952.0,1.0
1919.0,1953.0,1.0
1919.0,1954.0,1.0
1919.0,1955.0,1.0
1919.0,1956.0,1.0
1919.0,1957.0,1.0
1919.0,1958.0,1.0
1919.0,1959.0,1.0
1919.0,1960.0,1.0
1919.0,1961.0,1.0
1919.0,1962.0,1.0
1919.0,1963.0,1.0
1919.0,1964.0,1.0
1919.0,1965.0,1.0
1919.0,1966.0,1.0
1919.0,1967.0,1.0
1919.0,1968.0,1.0
1919.0,1969.0,1.0
1919.0,1970.0,1.0
1919.0,1971.0,1.0
1919.0,1972.0,1.0
1919.0,1973.0,1.0
1919.0,1974.0,1.0
1919.0,1975.0,1.0
1919.0,1976.0,1.0
1919.0,1977.0,1.0
1919.0,1978.0,1.0
1919.0,1979.0,1.0
1919.0,1980.0,1.0
1919.0,1981.0,1.0
1919.0,1982.0,1.0
1919.0,1983.0,1.0
1919.0,1984.0,1.0
1919.0,1985.0,1.0
1919.0,1986.0,1.0
1919.0,1987.0,1.0
1919.0,1988.0,1.0
1919.0,1989.0,1.0
1919.0,1990.0,1.0
1919.0,1991.0,1.0
1919.0,1992.0,1.0
1919.0,1993.0,1.0
1919.0,1994.0,1.0
1919.0,1995.0,1.0
1919.0,1996.0,1.0
1919.0,1997.0,1.0
1919.0,1998.0,1.0
1919.0,1999.0,1.0
1919.0,2000.0,1.0
1919.0,2001.0,1.0
1919.0,2002.0,1.0
1919.0,2003.0,1.0
1919.0,2004.0,1.0
1919.0,2005.0,1.0
1919.0,2006.0,1.0
1919.0,2007.0,1.0
1919.0,2008.0,1.0
1919.0,2009.0,1.0
1919.0,2009.5,1.0
1919.0,2010.0,1.0
1919.0,2011.0,1.0
1919.0,2012.0,1.0
1919.0,2013.0,1.0
1919.0,2014.0,1.0
1919.0,2015.0,1.0
1919.0,2016.0,1.0
1919.0,2017.0,1.0
1919.0,2018.0,1.0
1920.0,1920.0,0.05783766753339484
1920.0,1921.0,0.8858753541146586
1920.0,1922.0,1.0
1920.0,1923.0,1.0
1920.0,1924.0,1.0
1920.0,1925.0,1.0
1920.0,1926.0,1.0
1920.0,1927.0,1.0
1920.0,1928.0,1.0
1920.0,1929.0,1.0
1920.0,1930.0,1.0
1920.0,1931.0,1.0
1920.0,1932.0,1.0
1920.0,1933.0,1.0
1920.0,1934.0,1.0
1920.0,1935.0,1.0
1920.0,1936.0,1.0
1920.0,1937.0,1.0
1920.0,1938.0,1.0
1920.0,1939.0,1.0
1920.0,1940.0,1.0
1920.0,1941.0,1.0
1920.0,1942.0,1.0
1920.0,1943.0,1.0
1920.0,1944.0,1.0
1920.0,1945.0,1.0
1920.0,1946.0,1.0
1920.0,1947.0,1.0
1920.0,1948.0,1.0
1920.0,1949.0,1.0
1920.0,1950.0,1.0
1920.0,1951.0,1.0
1920.0,1952.0,1.0
1920.0,1953.0,1.0
1920.0,1954.0,1.0
1920.0,1955.0,1.0
1920.0,1956.0,1.0
1920.0,1957.0,1.0
1920.0,1958.0,1.0
1920.0,1959.0,1.0
1920.0,1960.0,1.0
1920.0,1961.0,1.0
1920.0,1962.0,1.0
1920.0,1963.0,1.0
1920.0,1964.0,1.0
1920.0,1965.0,1.0
1920.0,1966.0,1.0
1920.0,1967.0,1.0
1920.0,1968.0,1.0
1920.0,1969.0,1.0
1920.0,1970.0,1.0
1920.0,1971.0,1.0
1920.0,1972.0,1.0
1920.0,1973.0,1.0
1920.0,1974.0,1.0
1920.0,1975.0,1.0
1920.0,1976.0,1.0
1920.0,1977.0,1.0
1920.0,1978.0,1.0
1920.0,1979.0,1.0
1920.0,1980.0,1.0
1920.0,1981.0,1.0
1920.0,1982.0,1.0
1920.0,1983.0,1.0
1920.0,1984.0,1.0
1920.0,1985.0,1.0
1920.0,1986.0,1.0
1920.0,1987.0,1.0
1920.0,1988.0,1.0
1920.0,1989.0,1.0
1920.0,1990.0,1.0
1920.0,1991.0,1.0
1920.0,1992.0,1.0
1920.0,1993.0,1.0
1920.0,1994.0,1.0
1920.0,1995.0,1.0
1920.0,1996.0,1.0
1920.0,1997.0,1.0
1920.0,1998.0,1.0
1920.0,1999.0,1.0
1920.0,2000.0,1.0
1920.0,2001.0,1.0
1920.0,2002.0,1.0
1920.0,2003.0,1.0
1920.0,2004.0,1.0
1920.0,2005.0,1.0
1920.0,2006.0,1.0
1920.0,2007.0,1.0
1920.0,2008.0,1.0
1920.0,2009.0,1.0
1920.0,2009.5,1.0
1920.0,2010.0,1.0
1920.0,2011.0,1.0
1920.0,2012.0,1.0
1920.0,2013.0,1.0
1920.0,2014.0,1.0
1920.0,2015.0,1.0
1920.0,2016.0,1.0
1920.0,2017.0,1.0
1920.0,2018.0,1.0
1921.0,1921.0,0.05783766753339484
1921.0,1922.0,0.8858753541146586
1921.0,1923.0,1.0
1921.0,1924.0,1.0
1921.0,1925.0,1.0
1921.0,1926.0,1.0
1921.0,1927.0,1.0
1921.0,1928.0,1.0
1921.0,1929.0,1.0
1921.0,1930.0,1.0
1921.0,1931.0,1.0
1921.0,1932.0,1.0
1921.0,1933.0,1.0
1921.0,1934.0,1.0
1921.0,1935.0,1.0
1921.0,1936.0,1.0
1921.0,1937.0,1.0
1921.0,1938.0,1.0
1921.0,1939.0,1.0
1921.0,1940.0,1.0
1921.0,1941.0,1.0
1921.0,1942.0,1.0
1921.0,1943.0,1.0
1921.0,1944.0,1.0
1921.0,1945.0,1.0
1921.0,1946.0,1.0
1921.0,1947.0,1.0
1921.0,1948.0,1.0
1921.0,1949.0,1.0
1921.0,1950.0,1.0
1921.0,1951.0,1.0
1921.0,1952.0,1.0
1921.0,1953.0,1.0
1921.0,1954.0,1.0
1921.0,1955.0,1.0
1921.0,1956.0,1.0
1921.0,1957.0,1.0
1921.0,1958.0,1.0
1921.0,1959.0,1.0
1921.0,1960.0,1.0
1921.0,1961.0,1.0
1921.0,1962.0,1.0
1921.0,1963.0,1.0
1921.0,1964.0,1.0
1921.0,1965.0,1.0
1921.0,1966.0,1.0
1921.0,1967.0,1.0
1921.0,1968.0,1.0
1921.0,1969.0,1.0
1921.0,1970.0,1.0
1921.0,1971.0,1.0
1921.0,1972.0,1.0
1921.0,1973.0,1.0
1921.0,1974.0,1.0
1921.0,1975.0,1.0
1921.0,1976.0,1.0
1921.0,1977.0,1.0
1921.0,1978.0,1.0
1921.0,1979.0,1.0
1921.0,1980.0,1.0
1921.0,1981.0,1.0
1921.0,1982.0,1.0
1921.0,1983.0,1.0
1921.0,1984.0,1.0
1921.0,1985.0,1.0
1921.0,1986.0,1.0
1921.0,1987.0,1.0
1921.0,1988.0,1.0
1921.0,1989.0,1.0
1921.0,1990.0,1.0
1921.0,1991.0,1.0
1921.0,1992.0,1.0
1921.0,1993.0,1.0
1921.0,1994.0,1.0
1921.0,1995.0,1.0
1921.0,1996.0,1.0
1921.0,1997.0,1.0
1921.0,1998.0,1.0
1921.0,1999.0,1.0
1921.0,2000.0,1.0
1921.0,2001.0,1.0
1921.0,2002.0,1.0
1921.0,2003.0,1.0
1921.0,2004.0,1.0
1921.0,2005.0,1.0
1921.0,2006.0,1.0
1921.0,2007.0,1.0
1921.0,2008.0,1.0
1921.0,2009.0,1.0
1921.0,2009.5,1.0
1921.0,2010.0,1.0
1921.0,2011.0,1.0
1921.0,2012.0,1.0
1921.0,2013.0,1.0
1921.0,2014.0,1.0
1921.0,2015.0,1.0
1921.0,2016.0,1.0
1921.0,2017.0,1.0
1921.0,2018.0,1.0
1922.0,1922.0,0.05783766753339484
1922.0,1923.0,0.8858753541146586
1922.0,1924.0,1.0
1922.0,1925.0,1.0
1922.0,1926.0,1.0
1922.0,1927.0,1.0
1922.0,1928.0,1.0
1922.0,1929.0,1.0
1922.0,1930.0,1.0
1922.0,1931.0,1.0
1922.0,1932.0,1.0
1922.0,1933.0,1.0
1922.0,1934.0,1.0
1922.0,1935.0,1.0
1922.0,1936.0,1.0
1922.0,1937.0,1.0
1922.0,1938.0,1.0
1922.0,1939.0,1.0
1922.0,1940.0,1.0
1922.0,1941.0,1.0
1922.0,1942.0,1.0
1922.0,1943.0,1.0
1922.0,1944.0,1.0
1922.0,1945.0,1.0
1922.0,1946.0,1.0
1922.0,1947.0,1.0
1922.0,1948.0,1.0
1922.0,1949.0,1.0
1922.0,1950.0,1.0
1922.0,1951.0,1.0
1922.0,1952.0,1.0
1922.0,1953.0,1.0
1922.0,1954.0,1.0
1922.0,1955.0,1.0
1922.0,1956.0,1.0
1922.0,1957.0,1.0
1922.0,1958.0,1.0
1922.0,1959.0,1.0
1922.0,1960.0,1.0
1922.0,1961.0,1.0
1922.0,1962.0,1.0
1922.0,1963.0,1.0
1922.0,1964.0,1.0
1922.0,1965.0,1.0
1922.0,1966.0,1.0
1922.0,1967.0,1.0
1922.0,1968.0,1.0
1922.0,1969.0,1.0
1922.0,1970.0,1.0
1922.0,1971.0,1.0
1922.0,1972.0,1.0
1922.0,1973.0,1.0
1922.0,1974.0,1.0
1922.0,1975.0,1.0
1922.0,1976.0,1.0
1922.0,1977.0,1.0
1922.0,1978.0,1.0
1922.0,1979.0,1.0
1922.0,1980.0,1.0
1922.0,1981.0,1.0
1922.0,1982.0,1.0
1922.0,1983.0,1.0
1922.0,1984.0,1.0
1922.0,1985.0,1.0
1922.0,1986.0,1.0
1922.0,1987.0,1.0
1922.0,1988.0,1.0
1922.0,1989.0,1.0
1922.0,1990.0,1.0
1922.0,1991.0,1.0
1922.0,1992.0,1.0
1922.0,1993.0,1.0
1922.0,1994.0,1.0
1922.0,1995.0,1.0
1922.0,1996.0,1.0
1922.0,1997.0,1.0
1922.0,1998.0,1.0
1922.0,1999.0,1.0
1922.0,2000.0,1.0
1922.0,2001.0,1.0
1922.0,2002.0,1.0
1922.0,2003.0,1.0
1922.0,2004.0,1.0
1922.0,2005.0,1.0
1922.0,2006.0,1.0
1922.0,2007.0,1.0
1922.0,2008.0,1.0
1922.0,2009.0,1.0
1922.0,2009.5,1.0
1922.0,2010.0,1.0
1922.0,2011.0,1.0
1922.0,2012.0,1.0
1922.0,2013.0,1.0
1922.0,2014.0,1.0
1922.0,2015.0,1.0
1922.0,2016.0,1.0
1922.0,2017.0,1.0
1922.0,2018.0,1.0
1923.0,1923.0,0.04765136757258405
1923.0,1924.0,0.952841191123198
1923.0,1925.0,1.0
1923.0,1926.0,1.0
1923.0,1927.0,1.0
1923.0,1928.0,1.0
1923.0,1929.0,1.0
1923.0,1930.0,1.0
1923.0,1931.0,1.0
1923.0,1932.0,1.0
1923.0,1933.0,1.0
1923.0,1934.0,1.0
1923.0,1935.0,1.0
1923.0,1936.0,1.0
1923.0,1937.0,1.0
1923.0,1938.0,1.0
1923.0,1939.0,1.0
1923.0,1940.0,1.0
1923.0,1941.0,1.0
1923.0,1942.0,1.0
1923.0,1943.0,1.0
1923.0,1944.0,1.0
1923.0,1945.0,1.0
1923.0,1946.0,1.0
1923.0,1947.0,1.0
1923.0,1948.0,1.0
1923.0,1949.0,1.0
1923.0,1950.0,1.0
1923.0,1951.0,1.0
1923.0,1952.0,1.0
1923.0,1953.0,1.0
1923.0,1954.0,1.0
1923.0,1955.0,1.0
1923.0,1956.0,1.0
1923.0,1957.0,1.0
1923.0,1958.0,1.0
1923.0,1959.0,1.0
1923.0,1960.0,1.0
1923.0,1961.0,1.0
1923.0,1962.0,1.0
1923.0,1963.0,1.0
1923.0,1964.0,1.0
1923.0,1965.0,1.0
1923.0,1966.0,1.0
1923.0,1967.0,1.0
1923.0,1968.0,1.0
1923.0,1969.0,1.0
1923.0,1970.0,1.0
1923.0,1971.0,1.0
1923.0,1972.0,1.0
1923.0,1973.0,1.0
1923.0,1974.0,1.0
1923.0,1975.0,1.0
1923.0,1976.0,1.0
1923.0,1977.0,1.0
1923.0,1978.0,1.0
1923.0,1979.0,1.0
1923.0,1980.0,1.0
1923.0,1981.0,1.0
1923.0,1982.0,1.0
1923.0,1983.0,1.0
1923.0,1984.0,1.0
1923.0,1985.0,1.0
1923.0,1986.0,1.0
1923.0,1987.0,1.0
1923.0,1988.0,1.0
1923.0,1989.0,1.0
1923.0,1990.0,1.0
1923.0,1991.0,1.0
1923.0,1992.0,1.0
1923.0,1993.0,1.0
1923.0,1994.0,1.0
1923.0,1995.0,1.0
1923.0,1996.0,1.0
1923.0,1997.0,1.0
1923.0,1998.0,1.0
1923.0,1999.0,1.0
1923.0,2000.0,1.0
1923.0,2001.0,1.0
1923.0,2002.0,1.0
1923.0,2003.0,1.0
1923.0,2004.0,1.0
1923.0,2005.0,1.0
1923.0,2006.0,1.0
1923.0,2007.0,1.0
1923.0,2008.0,1.0
1923.0,2009.0,1.0
1923.0,2009.5,1.0
1923.0,2010.0,1.0
1923.0,2011.0,1.0
1923.0,2012.0,1.0
1923.0,2013.0,1.0
1923.0,2014.0,1.0
1923.0,2015.0,1.0
1923.0,2016.0,1.0
1923.0,2017.0,1.0
1923.0,2018.0,1.0
1924.0,1924.0,0.046752285165554186
1924.0,1925.0,0.8745820806574275
1924.0,1926.0,1.0
1924.0,1927.0,1.0
1924.0,1928.0,1.0
1924.0,1929.0,1.0
1924.0,1930.0,1.0
1924.0,1931.0,1.0
1924.0,1932.0,1.0
1924.0,1933.0,1.0
1924.0,1934.0,1.0
1924.0,1935.0,1.0
1924.0,1936.0,1.0
1924.0,1937.0,1.0
1924.0,1938.0,1.0
1924.0,1939.0,1.0
1924.0,1940.0,1.0
1924.0,1941.0,1.0
1924.0,1942.0,1.0
1924.0,1943.0,1.0
1924.0,1944.0,1.0
1924.0,1945.0,1.0
1924.0,1946.0,1.0
1924.0,1947.0,1.0
1924.0,1948.0,1.0
1924.0,1949.0,1.0
1924.0,1950.0,1.0
1924.0,1951.0,1.0
1924.0,1952.0,1.0
1924.0,1953.0,1.0
1924.0,1954.0,1.0
1924.0,1955.0,1.0
1924.0,1956.0,1.0
1924.0,1957.0,1.0
1924.0,1958.0,1.0
1924.0,1959.0,1.0
1924.0,1960.0,1.0
1924.0,1961.0,1.0
1924.0,1962.0,1.0
1924.0,1963.0,1.0
1924.0,1964.0,1.0
1924.0,1965.0,1.0
1924.0,1966.0,1.0
1924.0,1967.0,1.0
1924.0,1968.0,1.0
1924.0,1969.0,1.0
1924.0,1970.0,1.0
1924.0,1971.0,1.0
1924.0,1972.0,1.0
1924.0,1973.0,1.0
1924.0,1974.0,1.0
1924.0,1975.0,1.0
1924.0,1976.0,1.0
1924.0,1977.0,1.0
1924.0,1978.0,1.0
1924.0,1979.0,1.0
1924.0,1980.0,1.0
1924.0,1981.0,1.0
1924.0,1982.0,1.0
1924.0,1983.0,1.0
1924.0,1984.0,1.0
1924.0,1985.0,1.0
1924.0,1986.0,1.0
1924.0,1987.0,1.0
1924.0,1988.0,1.0
1924.0,1989.0,1.0
1924.0,1990.0,1.0
1924.0,1991.0,1.0
1924.0,1992.0,1.0
1924.0,1993.0,1.0
1924.0,1994.0,1.0
1924.0,1995.0,1.0
1924.0,1996.0,1.0
1924.0,1997.0,1.0
1924.0,1998.0,1.0
1924.0,1999.0,1.0
1924.0,2000.0,1.0
1924.0,2001.0,1.0
1924.0,2002.0,1.0
1924.0,2003.0,1.0
1924.0,2004.0,1.0
1924.0,2005.0,1.0
1924.0,2006.0,1.0
1924.0,2007.0,1.0
1924.0,2008.0,1.0
1924.0,2009.0,1.0
1924.0,2009.5,1.0
1924.0,2010.0,1.0
1924.0,2011.0,1.0
1924.0,2012.0,1.0
1924.0,2013.0,1.0
1924.0,2014.0,1.0
1924.0,2015.0,1.0
1924.0,2016.0,1.0
1924.0,2017.0,1.0
1924.0,2018.0,1.0
1925.0,1925.0,0.05783766753339484
1925.0,1926.0,0.8858753541146586
1925.0,1927.0,1.0
1925.0,1928.0,1.0
1925.0,1929.0,1.0
1925.0,1930.0,1.0
1925.0,1931.0,1.0
1925.0,1932.0,1.0
1925.0,1933.0,1.0
1925.0,1934.0,1.0
1925.0,1935.0,1.0
1925.0,1936.0,1.0
1925.0,1937.0,1.0
1925.0,1938.0,1.0
1925.0,1939.0,1.0
1925.0,1940.0,1.0
1925.0,1941.0,1.0
1925.0,1942.0,1.0
1925.0,1943.0,1.0
1925.0,1944.0,1.0
1925.0,1945.0,1.0
1925.0,1946.0,1.0
1925.0,1947.0,1.0
1925.0,1948.0,1.0
1925.0,1949.0,1.0
1925.0,1950.0,1.0
1925.0,1951.0,1.0
1925.0,1952.0,1.0
1925.0,1953.0,1.0
1925.0,1954.0,1.0
1925.0,1955.0,1.0
1925.0,1956.0,1.0
1925.0,1957.0,1.0
1925.0,1958.0,1.0
1925.0,1959.0,1.0
1925.0,1960.0,1.0
1925.0,1961.0,1.0
1925.0,1962.0,1.0
1925.0,1963.0,1.0
1925.0,1964.0,1.0
1925.0,1965.0,1.0
1925.0,1966.0,1.0
1925.0,1967.0,1.0
1925.0,1968.0,1.0
1925.0,1969.0,1.0
1925.0,1970.0,1.0
1925.0,1971.0,1.0
1925.0,1972.0,1.0
1925.0,1973.0,1.0
1925.0,1974.0,1.0
1925.0,1975.0,1.0
1925.0,1976.0,1.0
1925.0,1977.0,1.0
1925.0,1978.0,1.0
1925.0,1979.0,1.0
1925.0,1980.0,1.0
1925.0,1981.0,1.0
1925.0,1982.0,1.0
1925.0,1983.0,1.0
1925.0,1984.0,1.0
1925.0,1985.0,1.0
1925.0,1986.0,1.0
1925.0,1987.0,1.0
1925.0,1988.0,1.0
1925.0,1989.0,1.0
1925.0,1990.0,1.0
1925.0,1991.0,1.0
1925.0,1992.0,1.0
1925.0,1993.0,1.0
1925.0,1994.0,1.0
1925.0,1995.0,1.0
1925.0,1996.0,1.0
1925.0,1997.0,1.0
1925.0,1998.0,1.0
1925.0,1999.0,1.0
1925.0,2000.0,1.0
1925.0,2001.0,1.0
1925.0,2002.0,1.0
1925.0,2003.0,1.0
1925.0,2004.0,1.0
1925.0,2005.0,1.0
1925.0,2006.0,1.0
1925.0,2007.0,1.0
1925.0,2008.0,1.0
1925.0,2009.0,1.0
1925.0,2009.5,1.0
1925.0,2010.0,1.0
1925.0,2011.0,1.0
1925.0,2012.0,1.0
1925.0,2013.0,1.0
1925.0,2014.0,1.0
1925.0,2015.0,1.0
1925.0,2016.0,1.0
1925.0,2017.0,1.0
1925.0,2018.0,1.0
1926.0,1926.0,0.05783766753339484
1926.0,1927.0,0.8858753541146586
1926.0,1928.0,1.0
1926.0,1929.0,1.0
1926.0,1930.0,1.0
1926.0,1931.0,1.0
1926.0,1932.0,1.0
1926.0,1933.0,1.0
1926.0,1934.0,1.0
1926.0,1935.0,1.0
1926.0,1936.0,1.0
1926.0,1937.0,1.0
1926.0,1938.0,1.0
1926.0,1939.0,1.0
1926.0,1940.0,1.0
1926.0,1941.0,1.0
1926.0,1942.0,1.0
1926.0,1943.0,1.0
1926.0,1944.0,1.0
1926.0,1945.0,1.0
1926.0,1946.0,1.0
1926.0,1947.0,1.0
1926.0,1948.0,1.0
1926.0,1949.0,1.0
1926.0,1950.0,1.0
1926.0,1951.0,1.0
1926.0,1952.0,1.0
1926.0,1953.0,1.0
1926.0,1954.0,1.0
1926.0,1955.0,1.0
1926.0,1956.0,1.0
1926.0,1957.0,1.0
1926.0,1958.0,1.0
1926.0,1959.0,1.0
1926.0,1960.0,1.0
1926.0,1961.0,1.0
1926.0,1962.0,1.0
1926.0,1963.0,1.0
1926.0,1964.0,1.0
1926.0,1965.0,1.0
1926.0,1966.0,1.0
1926.0,1967.0,1.0
1926.0,1968.0,1.0
1926.0,1969.0,1.0
1926.0,1970.0,1.0
1926.0,1971.0,1.0
1926.0,1972.0,1.0
1926.0,1973.0,1.0
1926.0,1974.0,1.0
1926.0,1975.0,1.0
1926.0,1976.0,1.0
1926.0,1977.0,1.0
1926.0,1978.0,1.0
1926.0,1979.0,1.0
1926.0,1980.0,1.0
1926.0,1981.0,1.0
1926.0,1982.0,1.0
1926.0,1983.0,1.0
1926.0,1984.0,1.0
1926.0,1985.0,1.0
1926.0,1986.0,1.0
1926.0,1987.0,1.0
1926.0,1988.0,1.0
1926.0,1989.0,1.0
1926.0,1990.0,1.0
1926.0,1991.0,1.0
1926.0,1992.0,1.0
1926.0,1993.0,1.0
1926.0,1994.0,1.0
1926.0,1995.0,1.0
1926.0,1996.0,1.0
1926.0,1997.0,1.0
1926.0,1998.0,1.0
1926.0,1999.0,1.0
1926.0,2000.0,1.0
1926.0,2001.0,1.0
1926.0,2002.0,1.0
1926.0,2003.0,1.0
1926.0,2004.0,1.0
1926.0,2005.0,1.0
1926.0,2006.0,1.0
1926.0,2007.0,1.0
1926.0,2008.0,1.0
1926.0,2009.0,1.0
1926.0,2009.5,1.0
1926.0,2010.0,1.0
1926.0,2011.0,1.0
1926.0,2012.0,1.0
1926.0,2013.0,1.0
1926.0,2014.0,1.0
1926.0,2015.0,1.0
1926.0,2016.0,1.0
1926.0,2017.0,1.0
1926.0,2018.0,1.0
1927.0,1927.0,0.05783766753339484
1927.0,1928.0,0.8858753541146586
1927.0,1929.0,1.0
1927.0,1930.0,1.0
1927.0,1931.0,1.0
1927.0,1932.0,1.0
1927.0,1933.0,1.0
1927.0,1934.0,1.0
1927.0,1935.0,1.0
1927.0,1936.0,1.0
1927.0,1937.0,1.0
1927.0,1938.0,1.0
1927.0,1939.0,1.0
1927.0,1940.0,1.0
1927.0,1941.0,1.0
1927.0,1942.0,1.0
1927.0,1943.0,1.0
1927.0,1944.0,1.0
1927.0,1945.0,1.0
1927.0,1946.0,1.0
1927.0,1947.0,1.0
1927.0,1948.0,1.0
1927.0,1949.0,1.0
1927.0,1950.0,1.0
1927.0,1951.0,1.0
1927.0,1952.0,1.0
1927.0,1953.0,1.0
1927.0,1954.0,1.0
1927.0,1955.0,1.0
1927.0,1956.0,1.0
1927.0,1957.0,1.0
1927.0,1958.0,1.0
1927.0,1959.0,1.0
1927.0,1960.0,1.0
1927.0,1961.0,1.0
1927.0,1962.0,1.0
1927.0,1963.0,1.0
1927.0,1964.0,1.0
1927.0,1965.0,1.0
1927.0,1966.0,1.0
1927.0,1967.0,1.0
1927.0,1968.0,1.0
1927.0,1969.0,1.0
1927.0,1970.0,1.0
1927.0,1971.0,1.0
1927.0,1972.0,1.0
1927.0,1973.0,1.0
1927.0,1974.0,1.0
1927.0,1975.0,1.0
1927.0,1976.0,1.0
1927.0,1977.0,1.0
1927.0,1978.0,1.0
1927.0,1979.0,1.0
1927.0,1980.0,1.0
1927.0,1981.0,1.0
1927.0,1982.0,1.0
1927.0,1983.0,1.0
1927.0,1984.0,1.0
1927.0,1985.0,1.0
1927.0,1986.0,1.0
1927.0,1987.0,1.0
1927.0,1988.0,1.0
1927.0,1989.0,1.0
1927.0,1990.0,1.0
1927.0,1991.0,1.0
1927.0,1992.0,1.0
1927.0,1993.0,1.0
1927.0,1994.0,1.0
1927.0,1995.0,1.0
1927.0,1996.0,1.0
1927.0,1997.0,1.0
1927.0,1998.0,1.0
1927.0,1999.0,1.0
1927.0,2000.0,1.0
1927.0,2001.0,1.0
1927.0,2002.0,1.0
1927.0,2003.0,1.0
1927.0,2004.0,1.0
1927.0,2005.0,1.0
1927.0,2006.0,1.0
1927.0,2007.0,1.0
1927.0,2008.0,1.0
1927.0,2009.0,1.0
1927.0,2009.5,1.0
1927.0,2010.0,1.0
1927.0,2011.0,1.0
1927.0,2012.0,1.0
1927.0,2013.0,1.0
1927.0,2014.0,1.0
1927.0,2015.0,1.0
1927.0,2016.0,1.0
1927.0,2017.0,1.0
1927.0,2018.0,1.0
1928.0,1928.0,0.05783766753339484
1928.0,1929.0,0.8870802629262632
1928.0,1930.0,1.0
1928.0,1931.0,1.0
1928.0,1932.0,1.0
1928.0,1933.0,1.0
1928.0,1934.0,1.0
1928.0,1935.0,1.0
1928.0,1936.0,1.0
1928.0,1937.0,1.0
1928.0,1938.0,1.0
1928.0,1939.0,1.0
1928.0,1940.0,1.0
1928.0,1941.0,1.0
1928.0,1942.0,1.0
1928.0,1943.0,1.0
1928.0,1944.0,1.0
1928.0,1945.0,1.0
1928.0,1946.0,1.0
1928.0,1947.0,1.0
1928.0,1948.0,1.0
1928.0,1949.0,1.0
1928.0,1950.0,1.0
1928.0,1951.0,1.0
1928.0,1952.0,1.0
1928.0,1953.0,1.0
1928.0,1954.0,1.0
1928.0,1955.0,1.0
1928.0,1956.0,1.0
1928.0,1957.0,1.0
1928.0,1958.0,1.0
1928.0,1959.0,1.0
1928.0,1960.0,1.0
1928.0,1961.0,1.0
1928.0,1962.0,1.0
1928.0,1963.0,1.0
1928.0,1964.0,1.0
1928.0,1965.0,1.0
1928.0,1966.0,1.0
1928.0,1967.0,1.0
1928.0,1968.0,1.0
1928.0,1969.0,1.0
1928.0,1970.0,1.0
1928.0,1971.0,1.0
1928.0,1972.0,1.0
1928.0,1973.0,1.0
1928.0,1974.0,1.0
1928.0,1975.0,1.0
1928.0,1976.0,1.0
1928.0,1977.0,1.0
1928.0,1978.0,1.0
1928.0,1979.0,1.0
1928.0,1980.0,1.0
1928.0,1981.0,1.0
1928.0,1982.0,1.0
1928.0,1983.0,1.0
1928.0,1984.0,1.0
1928.0,1985.0,1.0
1928.0,1986.0,1.0
1928.0,1987.0,1.0
1928.0,1988.0,1.0
1928.0,1989.0,1.0
1928.0,1990.0,1.0
1928.0,1991.0,1.0
1928.0,1992.0,1.0
1928.0,1993.0,1.0
1928.0,1994.0,1.0
1928.0,1995.0,1.0
1928.0,1996.0,1.0
1928.0,1997.0,1.0
1928.0,1998.0,1.0
1928.0,1999.0,1.0
1928.0,2000.0,1.0
1928.0,2001.0,1.0
1928.0,2002.0,1.0
1928.0,2003.0,1.0
1928.0,2004.0,1.0
1928.0,2005.0,1.0
1928.0,2006.0,1.0
1928.0,2007.0,1.0
1928.0,2008.0,1.0
1928.0,2009.0,1.0
1928.0,2009.5,1.0
1928.0,2010.0,1.0
1928.0,2011.0,1.0
1928.0,2012.0,1.0
1928.0,2013.0,1.0
1928.0,2014.0,1.0
1928.0,2015.0,1.0
1928.0,2016.0,1.0
1928.0,2017.0,1.0
1928.0,2018.0,1.0
1929.0,1929.0,0.04765136757258405
1929.0,1930.0,0.952841191123198
1929.0,1931.0,1.0
1929.0,1932.0,1.0
1929.0,1933.0,1.0
1929.0,1934.0,1.0
1929.0,1935.0,1.0
1929.0,1936.0,1.0
1929.0,1937.0,1.0
1929.0,1938.0,1.0
1929.0,1939.0,1.0
1929.0,1940.0,1.0
1929.0,1941.0,1.0
1929.0,1942.0,1.0
1929.0,1943.0,1.0
1929.0,1944.0,1.0
1929.0,1945.0,1.0
1929.0,1946.0,1.0
1929.0,1947.0,1.0
1929.0,1948.0,1.0
1929.0,1949.0,1.0
1929.0,1950.0,1.0
1929.0,1951.0,1.0
1929.0,1952.0,1.0
1929.0,1953.0,1.0
1929.0,1954.0,1.0
1929.0,1955.0,1.0
1929.0,1956.0,1.0
1929.0,1957.0,1.0
1929.0,1958.0,1.0
1929.0,1959.0,1.0
1929.0,1960.0,1.0
1929.0,1961.0,1.0
1929.0,1962.0,1.0
1929.0,1963.0,1.0
1929.0,1964.0,1.0
1929.0,1965.0,1.0
1929.0,1966.0,1.0
1929.0,1967.0,1.0
1929.0,1968.0,1.0
1929.0,1969.0,1.0
1929.0,1970.0,1.0
1929.0,1971.0,1.0
1929.0,1972.0,1.0
1929.0,1973.0,1.0
1929.0,1974.0,1.0
1929.0,1975.0,1.0
1929.0,1976.0,1.0
1929.0,1977.0,1.0
1929.0,1978.0,1.0
1929.0,1979.0,1.0
1929.0,1980.0,1.0
1929.0,1981.0,1.0
1929.0,1982.0,1.0
1929.0,1983.0,1.0
1929.0,1984.0,1.0
1929.0,1985.0,1.0
1929.0,1986.0,1.0
1929.0,1987.0,1.0
1929.0,1988.0,1.0
1929.0,1989.0,1.0
1929.0,1990.0,1.0
1929.0,1991.0,1.0
1929.0,1992.0,1.0
1929.0,1993.0,1.0
1929.0,1994.0,1.0
1929.0,1995.0,1.0
1929.0,1996.0,1.0
1929.0,1997.0,1.0
1929.0,1998.0,1.0
1929.0,1999.0,1.0
1929.0,2000.0,1.0
1929.0,2001.0,1.0
1929.0,2002.0,1.0
1929.0,2003.0,1.0
1929.0,2004.0,1.0
1929.0,2005.0,1.0
1929.0,2006.0,1.0
1929.0,2007.0,1.0
1929.0,2008.0,1.0
1929.0,2009.0,1.0
1929.0,2009.5,1.0
1929.0,2010.0,1.0
1929.0,2011.0,1.0
1929.0,2012.0,1.0
1929.0,2013.0,1.0
1929.0,2014.0,1.0
1929.0,2015.0,1.0
1929.0,2016.0,1.0
1929.0,2017.0,1.0
1929.0,2018.0,1.0
1930.0,1930.0,0.046752285165554186
1930.0,1931.0,0.8745820806574275
1930.0,1932.0,1.0
1930.0,1933.0,1.0
1930.0,1934.0,1.0
1930.0,1935.0,1.0
1930.0,1936.0,1.0
1930.0,1937.0,1.0
1930.0,1938.0,1.0
1930.0,1939.0,1.0
1930.0,1940.0,1.0
1930.0,1941.0,1.0
1930.0,1942.0,1.0
1930.0,1943.0,1.0
1930.0,1944.0,1.0
1930.0,1945.0,1.0
1930.0,1946.0,1.0
1930.0,1947.0,1.0
1930.0,1948.0,1.0
1930.0,1949.0,1.0
1930.0,1950.0,1.0
1930.0,1951.0,1.0
1930.0,1952.0,1.0
1930.0,1953.0,1.0
1930.0,1954.0,1.0
1930.0,1955.0,1.0
1930.0,1956.0,1.0
1930.0,1957.0,1.0
1930.0,1958.0,1.0
1930.0,1959.0,1.0
1930.0,1960.0,1.0
1930.0,1961.0,1.0
1930.0,1962.0,1.0
1930.0,1963.0,1.0
1930.0,1964.0,1.0
1930.0,1965.0,1.0
1930.0,1966.0,1.0
1930.0,1967.0,1.0
1930.0,1968.0,1.0
1930.0,1969.0,1.0
1930.0,1970.0,1.0
1930.0,1971.0,1.0
1930.0,1972.0,1.0
1930.0,1973.0,1.0
1930.0,1974.0,1.0
1930.0,1975.0,1.0
1930.0,1976.0,1.0
1930.0,1977.0,1.0
1930.0,1978.0,1.0
1930.0,1979.0,1.0
1930.0,1980.0,1.0
1930.0,1981.0,1.0
1930.0,1982.0,1.0
1930.0,1983.0,1.0
1930.0,1984.0,1.0
1930.0,1985.0,1.0
1930.0,1986.0,1.0
1930.0,1987.0,1.0
1930.0,1988.0,1.0
1930.0,1989.0,1.0
1930.0,1990.0,1.0
1930.0,1991.0,1.0
1930.0,1992.0,1.0
1930.0,1993.0,1.0
1930.0,1994.0,1.0
1930.0,1995.0,1.0
1930.0,1996.0,1.0
1930.0,1997.0,1.0
1930.0,1998.0,1.0
1930.0,1999.0,1.0
1930.0,2000.0,1.0
1930.0,2001.0,1.0
1930.0,2002.0,1.0
1930.0,2003.0,1.0
1930.0,2004.0,1.0
1930.0,2005.0,1.0
1930.0,2006.0,1.0
1930.0,2007.0,1.0
1930.0,2008.0,1.0
1930.0,2009.0,1.0
1930.0,2009.5,1.0
1930.0,2010.0,1.0
1930.0,2011.0,1.0
1930.0,2012.0,1.0
1930.0,2013.0,1.0
1930.0,2014.0,1.0
1930.0,2015.0,1.0
1930.0,2016.0,1.0
1930.0,2017.0,1.0
1930.0,2018.0,1.0
1931.0,1931.0,0.05783766753339484
1931.0,1932.0,0.8858753541146586
1931.0,1933.0,1.0
1931.0,1934.0,1.0
1931.0,1935.0,1.0
1931.0,1936.0,1.0
1931.0,1937.0,1.0
1931.0,1938.0,1.0
1931.0,1939.0,1.0
1931.0,1940.0,1.0
1931.0,1941.0,1.0
1931.0,1942.0,1.0
1931.0,1943.0,1.0
1931.0,1944.0,1.0
1931.0,1945.0,1.0
1931.0,1946.0,1.0
1931.0,1947.0,1.0
1931.0,1948.0,1.0
1931.0,1949.0,1.0
1931.0,1950.0,1.0
1931.0,1951.0,1.0
1931.0,1952.0,1.0
1931.0,1953.0,1.0
1931.0,1954.0,1.0
1931.0,1955.0,1.0
1931.0,1956.0,1.0
1931.0,1957.0,1.0
1931.0,1958.0,1.0
1931.0,1959.0,1.0
1931.0,1960.0,1.0
1931.0,1961.0,1.0
1931.0,1962.0,1.0
1931.0,1963.0,1.0
1931.0,1964.0,1.0
1931.0,1965.0,1.0
1931.0,1966.0,1.0
1931.0,1967.0,1.0
1931.0,1968.0,1.0
1931.0,1969.0,1.0
1931.0,1970.0,1.0
1931.0,1971.0,1.0
1931.0,1972.0,1.0
1931.0,1973.0,1.0
1931.0,1974.0,1.0
1931.0,1975.0,1.0
1931.0,1976.0,1.0
1931.0,1977.0,1.0
1931.0,1978.0,1.0
1931.0,1979.0,1.0
1931.0,1980.0,1.0
1931.0,1981.0,1.0
1931.0,1982.0,1.0
1931.0,1983.0,1.0
1931.0,1984.0,1.0
1931.0,1985.0,1.0
1931.0,1986.0,1.0
1931.0,1987.0,1.0
1931.0,1988.0,1.0
1931.0,1989.0,1.0
1931.0,1990.0,1.0
1931.0,1991.0,1.0
1931.0,1992.0,1.0
1931.0,1993.0,1.0
1931.0,1994.0,1.0
1931.0,1995.0,1.0
1931.0,1996.0,1.0
1931.0,1997.0,1.0
1931.0,1998.0,1.0
1931.0,1999.0,1.0
1931.0,2000.0,1.0
1931.0,2001.0,1.0
1931.0,2002.0,1.0
1931.0,2003.0,1.0
1931.0,2004.0,1.0
1931.0,2005.0,1.0
1931.0,2006.0,1.0
1931.0,2007.0,1.0
1931.0,2008.0,1.0
1931.0,2009.0,1.0
1931.0,2009.5,1.0
1931.0,2010.0,1.0
1931.0,2011.0,1.0
1931.0,2012.0,1.0
1931.0,2013.0,1.0
1931.0,2014.0,1.0
1931.0,2015.0,1.0
1931.0,2016.0,1.0
1931.0,2017.0,1.0
1931.0,2018.0,1.0
1932.0,1932.0,0.05783766753339484
1932.0,1933.0,0.8858753541146586
1932.0,1934.0,1.0
1932.0,1935.0,1.0
1932.0,1936.0,1.0
1932.0,1937.0,1.0
1932.0,1938.0,1.0
1932.0,1939.0,1.0
1932.0,1940.0,1.0
1932.0,1941.0,1.0
1932.0,1942.0,1.0
1932.0,1943.0,1.0
1932.0,1944.0,1.0
1932.0,1945.0,1.0
1932.0,1946.0,1.0
1932.0,1947.0,1.0
1932.0,1948.0,1.0
1932.0,1949.0,1.0
1932.0,1950.0,1.0
1932.0,1951.0,1.0
1932.0,1952.0,1.0
1932.0,1953.0,1.0
1932.0,1954.0,1.0
1932.0,1955.0,1.0
1932.0,1956.0,1.0
1932.0,1957.0,1.0
1932.0,1958.0,1.0
1932.0,1959.0,1.0
1932.0,1960.0,1.0
1932.0,1961.0,1.0
1932.0,1962.0,1.0
1932.0,1963.0,1.0
1932.0,1964.0,1.0
1932.0,1965.0,1.0
1932.0,1966.0,1.0
1932.0,1967.0,1.0
1932.0,1968.0,1.0
1932.0,1969.0,1.0
1932.0,1970.0,1.0
1932.0,1971.0,1.0
1932.0,1972.0,1.0
1932.0,1973.0,1.0
1932.0,1974.0,1.0
1932.0,1975.0,1.0
1932.0,1976.0,1.0
1932.0,1977.0,1.0
1932.0,1978.0,1.0
1932.0,1979.0,1.0
1932.0,1980.0,1.0
1932.0,1981.0,1.0
1932.0,1982.0,1.0
1932.0,1983.0,1.0
1932.0,1984.0,1.0
1932.0,1985.0,1.0
1932.0,1986.0,1.0
1932.0,1987.0,1.0
1932.0,1988.0,1.0
1932.0,1989.0,1.0
1932.0,1990.0,1.0
1932.0,1991.0,1.0
1932.0,1992.0,1.0
1932.0,1993.0,1.0
1932.0,1994.0,1.0
1932.0,1995.0,1.0
1932.0,1996.0,1.0
1932.0,1997.0,1.0
1932.0,1998.0,1.0
1932.0,1999.0,1.0
1932.0,2000.0,1.0
1932.0,2001.0,1.0
1932.0,2002.0,1.0
1932.0,2003.0,1.0
1932.0,2004.0,1.0
1932.0,2005.0,1.0
1932.0,2006.0,1.0
1932.0,2007.0,1.0
1932.0,2008.0,1.0
1932.0,2009.0,1.0
1932.0,2009.5,1.0
1932.0,2010.0,1.0
1932.0,2011.0,1.0
1932.0,2012.0,1.0
1932.0,2013.0,1.0
1932.0,2014.0,1.0
1932.0,2015.0,1.0
1932.0,2016.0,1.0
1932.0,2017.0,1.0
1932.0,2018.0,1.0
1933.0,1933.0,0.05783766753339484
1933.0,1934.0,0.8858753541146586
1933.0,1935.0,1.0
1933.0,1936.0,1.0
1933.0,1937.0,1.0
1933.0,1938.0,1.0
1933.0,1939.0,1.0
1933.0,1940.0,1.0
1933.0,1941.0,1.0
1933.0,1942.0,1.0
1933.0,1943.0,1.0
1933.0,1944.0,1.0
1933.0,1945.0,1.0
1933.0,1946.0,1.0
1933.0,1947.0,1.0
1933.0,1948.0,1.0
1933.0,1949.0,1.0
1933.0,1950.0,1.0
1933.0,1951.0,1.0
1933.0,1952.0,1.0
1933.0,1953.0,1.0
1933.0,1954.0,1.0
1933.0,1955.0,1.0
1933.0,1956.0,1.0
1933.0,1957.0,1.0
1933.0,1958.0,1.0
1933.0,1959.0,1.0
1933.0,1960.0,1.0
1933.0,1961.0,1.0
1933.0,1962.0,1.0
1933.0,1963.0,1.0
1933.0,1964.0,1.0
1933.0,1965.0,1.0
1933.0,1966.0,1.0
1933.0,1967.0,1.0
1933.0,1968.0,1.0
1933.0,1969.0,1.0
1933.0,1970.0,1.0
1933.0,1971.0,1.0
1933.0,1972.0,1.0
1933.0,1973.0,1.0
1933.0,1974.0,1.0
1933.0,1975.0,1.0
1933.0,1976.0,1.0
1933.0,1977.0,1.0
1933.0,1978.0,1.0
1933.0,1979.0,1.0
1933.0,1980.0,1.0
1933.0,1981.0,1.0
1933.0,1982.0,1.0
1933.0,1983.0,1.0
1933.0,1984.0,1.0
1933.0,1985.0,1.0
1933.0,1986.0,1.0
1933.0,1987.0,1.0
1933.0,1988.0,1.0
1933.0,1989.0,1.0
1933.0,1990.0,1.0
1933.0,1991.0,1.0
1933.0,1992.0,1.0
1933.0,1993.0,1.0
1933.0,1994.0,1.0
1933.0,1995.0,1.0
1933.0,1996.0,1.0
1933.0,1997.0,1.0
1933.0,1998.0,1.0
1933.0,1999.0,1.0
1933.0,2000.0,1.0
1933.0,2001.0,1.0
1933.0,2002.0,1.0
1933.0,2003.0,1.0
1933.0,2004.0,1.0
1933.0,2005.0,1.0
1933.0,2006.0,1.0
1933.0,2007.0,1.0
1933.0,2008.0,1.0
1933.0,2009.0,1.0
1933.0,2009.5,1.0
1933.0,2010.0,1.0
1933.0,2011.0,1.0
1933.0,2012.0,1.0
1933.0,2013.0,1.0
1933.0,2014.0,1.0
1933.0,2015.0,1.0
1933.0,2016.0,1.0
1933.0,2017.0,1.0
1933.0,2018.0,1.0
1934.0,1934.0,0.04765136757258405
1934.0,1935.0,0.87835109097027
1934.0,1936.0,1.0
1934.0,1937.0,1.0
1934.0,1938.0,1.0
1934.0,1939.0,1.0
1934.0,1940.0,1.0
1934.0,1941.0,1.0
1934.0,1942.0,1.0
1934.0,1943.0,1.0
1934.0,1944.0,1.0
1934.0,1945.0,1.0
1934.0,1946.0,1.0
1934.0,1947.0,1.0
1934.0,1948.0,1.0
1934.0,1949.0,1.0
1934.0,1950.0,1.0
1934.0,1951.0,1.0
1934.0,1952.0,1.0
1934.0,1953.0,1.0
1934.0,1954.0,1.0
1934.0,1955.0,1.0
1934.0,1956.0,1.0
1934.0,1957.0,1.0
1934.0,1958.0,1.0
1934.0,1959.0,1.0
1934.0,1960.0,1.0
1934.0,1961.0,1.0
1934.0,1962.0,1.0
1934.0,1963.0,1.0
1934.0,1964.0,1.0
1934.0,1965.0,1.0
1934.0,1966.0,1.0
1934.0,1967.0,1.0
1934.0,1968.0,1.0
1934.0,1969.0,1.0
1934.0,1970.0,1.0
1934.0,1971.0,1.0
1934.0,1972.0,1.0
1934.0,1973.0,1.0
1934.0,1974.0,1.0
1934.0,1975.0,1.0
1934.0,1976.0,1.0
1934.0,1977.0,1.0
1934.0,1978.0,1.0
1934.0,1979.0,1.0
1934.0,1980.0,1.0
1934.0,1981.0,1.0
1934.0,1982.0,1.0
1934.0,1983.0,1.0
1934.0,1984.0,1.0
1934.0,1985.0,1.0
1934.0,1986.0,1.0
1934.0,1987.0,1.0
1934.0,1988.0,1.0
1934.0,1989.0,1.0
1934.0,1990.0,1.0
1934.0,1991.0,1.0
1934.0,1992.0,1.0
1934.0,1993.0,1.0
1934.0,1994.0,1.0
1934.0,1995.0,1.0
1934.0,1996.0,1.0
1934.0,1997.0,1.0
1934.0,1998.0,1.0
1934.0,1999.0,1.0
1934.0,2000.0,1.0
1934.0,2001.0,1.0
1934.0,2002.0,1.0
1934.0,2003.0,1.0
1934.0,2004.0,1.0
1934.0,2005.0,1.0
1934.0,2006.0,1.0
1934.0,2007.0,1.0
1934.0,2008.0,1.0
1934.0,2009.0,1.0
1934.0,2009.5,1.0
1934.0,2010.0,1.0
1934.0,2011.0,1.0
1934.0,2012.0,1.0
1934.0,2013.0,1.0
1934.0,2014.0,1.0
1934.0,2015.0,1.0
1934.0,2016.0,1.0
1934.0,2017.0,1.0
1934.0,2018.0,1.0
1935.0,1935.0,0.04765136757258405
1935.0,1936.0,0.952841191123198
1935.0,1937.0,1.0
1935.0,1938.0,1.0
1935.0,1939.0,1.0
1935.0,1940.0,1.0
1935.0,1941.0,1.0
1935.0,1942.0,1.0
1935.0,1943.0,1.0
1935.0,1944.0,1.0
1935.0,1945.0,1.0
1935.0,1946.0,1.0
1935.0,1947.0,1.0
1935.0,1948.0,1.0
1935.0,1949.0,1.0
1935.0,1950.0,1.0
1935.0,1951.0,1.0
1935.0,1952.0,1.0
1935.0,1953.0,1.0
1935.0,1954.0,1.0
1935.0,1955.0,1.0
1935.0,1956.0,1.0
1935.0,1957.0,1.0
1935.0,1958.0,1.0
1935.0,1959.0,1.0
1935.0,1960.0,1.0
1935.0,1961.0,1.0
1935.0,1962.0,1.0
1935.0,1963.0,1.0
1935.0,1964.0,1.0
1935.0,1965.0,1.0
1935.0,1966.0,1.0
1935.0,1967.0,1.0
1935.0,1968.0,1.0
1935.0,1969.0,1.0
1935.0,1970.0,1.0
1935.0,1971.0,1.0
1935.0,1972.0,1.0
1935.0,1973.0,1.0
1935.0,1974.0,1.0
1935.0,1975.0,1.0
1935.0,1976.0,1.0
1935.0,1977.0,1.0
1935.0,1978.0,1.0
1935.0,1979.0,1.0
1935.0,1980.0,1.0
1935.0,1981.0,1.0
1935.0,1982.0,1.0
1935.0,1983.0,1.0
1935.0,1984.0,1.0
1935.0,1985.0,1.0
1935.0,1986.0,1.0
1935.0,1987.0,1.0
1935.0,1988.0,1.0
1935.0,1989.0,1.0
1935.0,1990.0,1.0
1935.0,1991.0,1.0
1935.0,1992.0,1.0
1935.0,1993.0,1.0
1935.0,1994.0,1.0
1935.0,1995.0,1.0
1935.0,1996.0,1.0
1935.0,1997.0,1.0
1935.0,1998.0,1.0
1935.0,1999.0,1.0
1935.0,2000.0,1.0
1935.0,2001.0,1.0
1935.0,2002.0,1.0
1935.0,2003.0,1.0
1935.0,2004.0,1.0
1935.0,2005.0,1.0
1935.0,2006.0,1.0
1935.0,2007.0,1.0
1935.0,2008.0,1.0
1935.0,2009.0,1.0
1935.0,2009.5,1.0
1935.0,2010.0,1.0
1935.0,2011.0,1.0
1935.0,2012.0,1.0
1935.0,2013.0,1.0
1935.0,2014.0,1.0
1935.0,2015.0,1.0
1935.0,2016.0,1.0
1935.0,2017.0,1.0
1935.0,2018.0,1.0
1936.0,1936.0,0.046752285165554186
1936.0,1937.0,0.8745820806574275
1936.0,1938.0,1.0
1936.0,1939.0,1.0
1936.0,1940.0,1.0
1936.0,1941.0,1.0
1936.0,1942.0,1.0
1936.0,1943.0,1.0
1936.0,1944.0,1.0
1936.0,1945.0,1.0
1936.0,1946.0,1.0
1936.0,1947.0,1.0
1936.0,1948.0,1.0
1936.0,1949.0,1.0
1936.0,1950.0,1.0
1936.0,1951.0,1.0
1936.0,1952.0,1.0
1936.0,1953.0,1.0
1936.0,1954.0,1.0
1936.0,1955.0,1.0
1936.0,1956.0,1.0
1936.0,1957.0,1.0
1936.0,1958.0,1.0
1936.0,1959.0,1.0
1936.0,1960.0,1.0
1936.0,1961.0,1.0
1936.0,1962.0,1.0
1936.0,1963.0,1.0
1936.0,1964.0,1.0
1936.0,1965.0,1.0
1936.0,1966.0,1.0
1936.0,1967.0,1.0
1936.0,1968.0,1.0
1936.0,1969.0,1.0
1936.0,1970.0,1.0
1936.0,1971.0,1.0
1936.0,1972.0,1.0
1936.0,1973.0,1.0
1936.0,1974.0,1.0
1936.0,1975.0,1.0
1936.0,1976.0,1.0
1936.0,1977.0,1.0
1936.0,1978.0,1.0
1936.0,1979.0,1.0
1936.0,1980.0,1.0
1936.0,1981.0,1.0
1936.0,1982.0,1.0
1936.0,1983.0,1.0
1936.0,1984.0,1.0
1936.0,1985.0,1.0
1936.0,1986.0,1.0
1936.0,1987.0,1.0
1936.0,1988.0,1.0
1936.0,1989.0,1.0
1936.0,1990.0,1.0
1936.0,1991.0,1.0
1936.0,1992.0,1.0
1936.0,1993.0,1.0
1936.0,1994.0,1.0
1936.0,1995.0,1.0
1936.0,1996.0,1.0
1936.0,1997.0,1.0
1936.0,1998.0,1.0
1936.0,1999.0,1.0
1936.0,2000.0,1.0
1936.0,2001.0,1.0
1936.0,2002.0,1.0
1936.0,2003.0,1.0
1936.0,2004.0,1.0
1936.0,2005.0,1.0
1936.0,2006.0,1.0
1936.0,2007.0,1.0
1936.0,2008.0,1.0
1936.0,2009.0,1.0
1936.0,2009.5,1.0
1936.0,2010.0,1.0
1936.0,2011.0,1.0
1936.0,2012.0,1.0
1936.0,2013.0,1.0
1936.0,2014.0,1.0
1936.0,2015.0,1.0
1936.0,2016.0,1.0
1936.0,2017.0,1.0
1936.0,2018.0,1.0
1937.0,1937.0,0.05783766753339484
1937.0,1938.0,0.8858753541146586
1937.0,1939.0,1.0
1937.0,1940.0,1.0
1937.0,1941.0,1.0
1937.0,1942.0,1.0
1937.0,1943.0,1.0
1937.0,1944.0,1.0
1937.0,1945.0,1.0
1937.0,1946.0,1.0
1937.0,1947.0,1.0
1937.0,1948.0,1.0
1937.0,1949.0,1.0
1937.0,1950.0,1.0
1937.0,1951.0,1.0
1937.0,1952.0,1.0
1937.0,1953.0,1.0
1937.0,1954.0,1.0
1937.0,1955.0,1.0
1937.0,1956.0,1.0
1937.0,1957.0,1.0
1937.0,1958.0,1.0
1937.0,1959.0,1.0
1937.0,1960.0,1.0
1937.0,1961.0,1.0
1937.0,1962.0,1.0
1937.0,1963.0,1.0
1937.0,1964.0,1.0
1937.0,1965.0,1.0
1937.0,1966.0,1.0
1937.0,1967.0,1.0
1937.0,1968.0,1.0
1937.0,1969.0,1.0
1937.0,1970.0,1.0
1937.0,1971.0,1.0
1937.0,1972.0,1.0
1937.0,1973.0,1.0
1937.0,1974.0,1.0
1937.0,1975.0,1.0
1937.0,1976.0,1.0
1937.0,1977.0,1.0
1937.0,1978.0,1.0
1937.0,1979.0,1.0
1937.0,1980.0,1.0
1937.0,1981.0,1.0
1937.0,1982.0,1.0
1937.0,1983.0,1.0
1937.0,1984.0,1.0
1937.0,1985.0,1.0
1937.0,1986.0,1.0
1937.0,1987.0,1.0
1937.0,1988.0,1.0
1937.0,1989.0,1.0
1937.0,1990.0,1.0
1937.0,1991.0,1.0
1937.0,1992.0,1.0
1937.0,1993.0,1.0
1937.0,1994.0,1.0
1937.0,1995.0,1.0
1937.0,1996.0,1.0
1937.0,1997.0,1.0
1937.0,1998.0,1.0
1937.0,1999.0,1.0
1937.0,2000.0,1.0
1937.0,2001.0,1.0
1937.0,2002.0,1.0
1937.0,2003.0,1.0
1937.0,2004.0,1.0
1937.0,2005.0,1.0
1937.0,2006.0,1.0
1937.0,2007.0,1.0
1937.0,2008.0,1.0
1937.0,2009.0,1.0
1937.0,2009.5,1.0
1937.0,2010.0,1.0
1937.0,2011.0,1.0
1937.0,2012.0,1.0
1937.0,2013.0,1.0
1937.0,2014.0,1.0
1937.0,2015.0,1.0
1937.0,2016.0,1.0
1937.0,2017.0,1.0
1937.0,2018.0,1.0
1938.0,1938.0,0.05783766753339484
1938.0,1939.0,0.8858753541146586
1938.0,1940.0,1.0
1938.0,1941.0,1.0
1938.0,1942.0,1.0
1938.0,1943.0,1.0
1938.0,1944.0,1.0
1938.0,1945.0,1.0
1938.0,1946.0,1.0
1938.0,1947.0,1.0
1938.0,1948.0,1.0
1938.0,1949.0,1.0
1938.0,1950.0,1.0
1938.0,1951.0,1.0
1938.0,1952.0,1.0
1938.0,1953.0,1.0
1938.0,1954.0,1.0
1938.0,1955.0,1.0
1938.0,1956.0,1.0
1938.0,1957.0,1.0
1938.0,1958.0,1.0
1938.0,1959.0,1.0
1938.0,1960.0,1.0
1938.0,1961.0,1.0
1938.0,1962.0,1.0
1938.0,1963.0,1.0
1938.0,1964.0,1.0
1938.0,1965.0,1.0
1938.0,1966.0,1.0
1938.0,1967.0,1.0
1938.0,1968.0,1.0
1938.0,1969.0,1.0
1938.0,1970.0,1.0
1938.0,1971.0,1.0
1938.0,1972.0,1.0
1938.0,1973.0,1.0
1938.0,1974.0,1.0
1938.0,1975.0,1.0
1938.0,1976.0,1.0
1938.0,1977.0,1.0
1938.0,1978.0,1.0
1938.0,1979.0,1.0
1938.0,1980.0,1.0
1938.0,1981.0,1.0
1938.0,1982.0,1.0
1938.0,1983.0,1.0
1938.0,1984.0,1.0
1938.0,1985.0,1.0
1938.0,1986.0,1.0
1938.0,1987.0,1.0
1938.0,1988.0,1.0
1938.0,1989.0,1.0
1938.0,1990.0,1.0
1938.0,1991.0,1.0
1938.0,1992.0,1.0
1938.0,1993.0,1.0
1938.0,1994.0,1.0
1938.0,1995.0,1.0
1938.0,1996.0,1.0
1938.0,1997.0,1.0
1938.0,1998.0,1.0
1938.0,1999.0,1.0
1938.0,2000.0,1.0
1938.0,2001.0,1.0
1938.0,2002.0,1.0
1938.0,2003.0,1.0
1938.0,2004.0,1.0
1938.0,2005.0,1.0
1938.0,2006.0,1.0
1938.0,2007.0,1.0
1938.0,2008.0,1.0
1938.0,2009.0,1.0
1938.0,2009.5,1.0
1938.0,2010.0,1.0
1938.0,2011.0,1.0
1938.0,2012.0,1.0
1938.0,2013.0,1.0
1938.0,2014.0,1.0
1938.0,2015.0,1.0
1938.0,2016.0,1.0
1938.0,2017.0,1.0
1938.0,2018.0,1.0
1939.0,1939.0,0.05783766753339484
1939.0,1940.0,0.8858753541146586
1939.0,1941.0,1.0
1939.0,1942.0,1.0
1939.0,1943.0,1.0
1939.0,1944.0,1.0
1939.0,1945.0,1.0
1939.0,1946.0,1.0
1939.0,1947.0,1.0
1939.0,1948.0,1.0
1939.0,1949.0,1.0
1939.0,1950.0,1.0
1939.0,1951.0,1.0
1939.0,1952.0,1.0
1939.0,1953.0,1.0
1939.0,1954.0,1.0
1939.0,1955.0,1.0
1939.0,1956.0,1.0
1939.0,1957.0,1.0
1939.0,1958.0,1.0
1939.0,1959.0,1.0
1939.0,1960.0,1.0
1939.0,1961.0,1.0
1939.0,1962.0,1.0
1939.0,1963.0,1.0
1939.0,1964.0,1.0
1939.0,1965.0,1.0
1939.0,1966.0,1.0
1939.0,1967.0,1.0
1939.0,1968.0,1.0
1939.0,1969.0,1.0
1939.0,1970.0,1.0
1939.0,1971.0,1.0
1939.0,1972.0,1.0
1939.0,1973.0,1.0
1939.0,1974.0,1.0
1939.0,1975.0,1.0
1939.0,1976.0,1.0
1939.0,1977.0,1.0
1939.0,1978.0,1.0
1939.0,1979.0,1.0
1939.0,1980.0,1.0
1939.0,1981.0,1.0
1939.0,1982.0,1.0
1939.0,1983.0,1.0
1939.0,1984.0,1.0
1939.0,1985.0,1.0
1939.0,1986.0,1.0
1939.0,1987.0,1.0
1939.0,1988.0,1.0
1939.0,1989.0,1.0
1939.0,1990.0,1.0
1939.0,1991.0,1.0
1939.0,1992.0,1.0
1939.0,1993.0,1.0
1939.0,1994.0,1.0
1939.0,1995.0,1.0
1939.0,1996.0,1.0
1939.0,1997.0,1.0
1939.0,1998.0,1.0
1939.0,1999.0,1.0
1939.0,2000.0,1.0
1939.0,2001.0,1.0
1939.0,2002.0,1.0
1939.0,2003.0,1.0
1939.0,2004.0,1.0
1939.0,2005.0,1.0
1939.0,2006.0,1.0
1939.0,2007.0,1.0
1939.0,2008.0,1.0
1939.0,2009.0,1.0
1939.0,2009.5,1.0
1939.0,2010.0,1.0
1939.0,2011.0,1.0
1939.0,2012.0,1.0
1939.0,2013.0,1.0
1939.0,2014.0,1.0
1939.0,2015.0,1.0
1939.0,2016.0,1.0
1939.0,2017.0,1.0
1939.0,2018.0,1.0
1940.0,1940.0,0.04765136757258405
1940.0,1941.0,0.952841191123198
1940.0,1942.0,1.0
1940.0,1943.0,1.0
1940.0,1944.0,1.0
1940.0,1945.0,1.0
1940.0,1946.0,1.0
1940.0,1947.0,1.0
1940.0,1948.0,1.0
1940.0,1949.0,1.0
1940.0,1950.0,1.0
1940.0,1951.0,1.0
1940.0,1952.0,1.0
1940.0,1953.0,1.0
1940.0,1954.0,1.0
1940.0,1955.0,1.0
1940.0,1956.0,1.0
1940.0,1957.0,1.0
1940.0,1958.0,1.0
1940.0,1959.0,1.0
1940.0,1960.0,1.0
1940.0,1961.0,1.0
1940.0,1962.0,1.0
1940.0,1963.0,1.0
1940.0,1964.0,1.0
1940.0,1965.0,1.0
1940.0,1966.0,1.0
1940.0,1967.0,1.0
1940.0,1968.0,1.0
1940.0,1969.0,1.0
1940.0,1970.0,1.0
1940.0,1971.0,1.0
1940.0,1972.0,1.0
1940.0,1973.0,1.0
1940.0,1974.0,1.0
1940.0,1975.0,1.0
1940.0,1976.0,1.0
1940.0,1977.0,1.0
1940.0,1978.0,1.0
1940.0,1979.0,1.0
1940.0,1980.0,1.0
1940.0,1981.0,1.0
1940.0,1982.0,1.0
1940.0,1983.0,1.0
1940.0,1984.0,1.0
1940.0,1985.0,1.0
1940.0,1986.0,1.0
1940.0,1987.0,1.0
1940.0,1988.0,1.0
1940.0,1989.0,1.0
1940.0,1990.0,1.0
1940.0,1991.0,1.0
1940.0,1992.0,1.0
1940.0,1993.0,1.0
1940.0,1994.0,1.0
1940.0,1995.0,1.0
1940.0,1996.0,1.0
1940.0,1997.0,1.0
1940.0,1998.0,1.0
1940.0,1999.0,1.0
1940.0,2000.0,1.0
1940.0,2001.0,1.0
1940.0,2002.0,1.0
1940.0,2003.0,1.0
1940.0,2004.0,1.0
1940.0,2005.0,1.0
1940.0,2006.0,1.0
1940.0,2007.0,1.0
1940.0,2008.0,1.0
1940.0,2009.0,1.0
1940.0,2009.5,1.0
1940.0,2010.0,1.0
1940.0,2011.0,1.0
1940.0,2012.0,1.0
1940.0,2013.0,1.0
1940.0,2014.0,1.0
1940.0,2015.0,1.0
1940.0,2016.0,1.0
1940.0,2017.0,1.0
1940.0,2018.0,1.0
1941.0,1941.0,0.046752285165554186
1941.0,1942.0,0.8745820806574275
1941.0,1943.0,1.0
1941.0,1944.0,1.0
1941.0,1945.0,1.0
1941.0,1946.0,1.0
1941.0,1947.0,1.0
1941.0,1948.0,1.0
1941.0,1949.0,1.0
1941.0,1950.0,1.0
1941.0,1951.0,1.0
1941.0,1952.0,1.0
1941.0,1953.0,1.0
1941.0,1954.0,1.0
1941.0,1955.0,1.0
1941.0,1956.0,1.0
1941.0,1957.0,1.0
1941.0,1958.0,1.0
1941.0,1959.0,1.0
1941.0,1960.0,1.0
1941.0,1961.0,1.0
1941.0,1962.0,1.0
1941.0,1963.0,1.0
1941.0,1964.0,1.0
1941.0,1965.0,1.0
1941.0,1966.0,1.0
1941.0,1967.0,1.0
1941.0,1968.0,1.0
1941.0,1969.0,1.0
1941.0,1970.0,1.0
1941.0,1971.0,1.0
1941.0,1972.0,1.0
1941.0,1973.0,1.0
1941.0,1974.0,1.0
1941.0,1975.0,1.0
1941.0,1976.0,1.0
1941.0,1977.0,1.0
1941.0,1978.0,1.0
1941.0,1979.0,1.0
1941.0,1980.0,1.0
1941.0,1981.0,1.0
1941.0,1982.0,1.0
1941.0,1983.0,1.0
1941.0,1984.0,1.0
1941.0,1985.0,1.0
1941.0,1986.0,1.0
1941.0,1987.0,1.0
1941.0,1988.0,1.0
1941.0,1989.0,1.0
1941.0,1990.0,1.0
1941.0,1991.0,1.0
1941.0,1992.0,1.0
1941.0,1993.0,1.0
1941.0,1994.0,1.0
1941.0,1995.0,1.0
1941.0,1996.0,1.0
1941.0,1997.0,1.0
1941.0,1998.0,1.0
1941.0,1999.0,1.0
1941.0,2000.0,1.0
1941.0,2001.0,1.0
1941.0,2002.0,1.0
1941.0,2003.0,1.0
1941.0,2004.0,1.0
1941.0,2005.0,1.0
1941.0,2006.0,1.0
1941.0,2007.0,1.0
1941.0,2008.0,1.0
1941.0,2009.0,1.0
1941.0,2009.5,1.0
1941.0,2010.0,1.0
1941.0,2011.0,1.0
1941.0,2012.0,1.0
1941.0,2013.0,1.0
1941.0,2014.0,1.0
1941.0,2015.0,1.0
1941.0,2016.0,1.0
1941.0,2017.0,1.0
1941.0,2018.0,1.0
1942.0,1942.0,0.05783766753339484
1942.0,1943.0,0.8858753541146586
1942.0,1944.0,1.0
1942.0,1945.0,1.0
1942.0,1946.0,1.0
1942.0,1947.0,1.0
1942.0,1948.0,1.0
1942.0,1949.0,1.0
1942.0,1950.0,1.0
1942.0,1951.0,1.0
1942.0,1952.0,1.0
1942.0,1953.0,1.0
1942.0,1954.0,1.0
1942.0,1955.0,1.0
1942.0,1956.0,1.0
1942.0,1957.0,1.0
1942.0,1958.0,1.0
1942.0,1959.0,1.0
1942.0,1960.0,1.0
1942.0,1961.0,1.0
1942.0,1962.0,1.0
1942.0,1963.0,1.0
1942.0,1964.0,1.0
1942.0,1965.0,1.0
1942.0,1966.0,1.0
1942.0,1967.0,1.0
1942.0,1968.0,1.0
1942.0,1969.0,1.0
1942.0,1970.0,1.0
1942.0,1971.0,1.0
1942.0,1972.0,1.0
1942.0,1973.0,1.0
1942.0,1974.0,1.0
1942.0,1975.0,1.0
1942.0,1976.0,1.0
1942.0,1977.0,1.0
1942.0,1978.0,1.0
1942.0,1979.0,1.0
1942.0,1980.0,1.0
1942.0,1981.0,1.0
1942.0,1982.0,1.0
1942.0,1983.0,1.0
1942.0,1984.0,1.0
1942.0,1985.0,1.0
1942.0,1986.0,1.0
1942.0,1987.0,1.0
1942.0,1988.0,1.0
1942.0,1989.0,1.0
1942.0,1990.0,1.0
1942.0,1991.0,1.0
1942.0,1992.0,1.0
1942.0,1993.0,1.0
1942.0,1994.0,1.0
1942.0,1995.0,1.0
1942.0,1996.0,1.0
1942.0,1997.0,1.0
1942.0,1998.0,1.0
1942.0,1999.0,1.0
1942.0,2000.0,1.0
1942.0,2001.0,1.0
1942.0,2002.0,1.0
1942.0,2003.0,1.0
1942.0,2004.0,1.0
1942.0,2005.0,1.0
1942.0,2006.0,1.0
1942.0,2007.0,1.0
1942.0,2008.0,1.0
1942.0,2009.0,1.0
1942.0,2009.5,1.0
1942.0,2010.0,1.0
1942.0,2011.0,1.0
1942.0,2012.0,1.0
1942.0,2013.0,1.0
1942.0,2014.0,1.0
1942.0,2015.0,1.0
1942.0,2016.0,1.0
1942.0,2017.0,1.0
1942.0,2018.0,1.0
1943.0,1943.0,0.05783766753339484
1943.0,1944.0,0.8858753541146586
1943.0,1945.0,1.0
1943.0,1946.0,1.0
1943.0,1947.0,1.0
1943.0,1948.0,1.0
1943.0,1949.0,1.0
1943.0,1950.0,1.0
1943.0,1951.0,1.0
1943.0,1952.0,1.0
1943.0,1953.0,1.0
1943.0,1954.0,1.0
1943.0,1955.0,1.0
1943.0,1956.0,1.0
1943.0,1957.0,1.0
1943.0,1958.0,1.0
1943.0,1959.0,1.0
1943.0,1960.0,1.0
1943.0,1961.0,1.0
1943.0,1962.0,1.0
1943.0,1963.0,1.0
1943.0,1964.0,1.0
1943.0,1965.0,1.0
1943.0,1966.0,1.0
1943.0,1967.0,1.0
1943.0,1968.0,1.0
1943.0,1969.0,1.0
1943.0,1970.0,1.0
1943.0,1971.0,1.0
1943.0,1972.0,1.0
1943.0,1973.0,1.0
1943.0,1974.0,1.0
1943.0,1975.0,1.0
1943.0,1976.0,1.0
1943.0,1977.0,1.0
1943.0,1978.0,1.0
1943.0,1979.0,1.0
1943.0,1980.0,1.0
1943.0,1981.0,1.0
1943.0,1982.0,1.0
1943.0,1983.0,1.0
1943.0,1984.0,1.0
1943.0,1985.0,1.0
1943.0,1986.0,1.0
1943.0,1987.0,1.0
1943.0,1988.0,1.0
1943.0,1989.0,1.0
1943.0,1990.0,1.0
1943.0,1991.0,1.0
1943.0,1992.0,1.0
1943.0,1993.0,1.0
1943.0,1994.0,1.0
1943.0,1995.0,1.0
1943.0,1996.0,1.0
1943.0,1997.0,1.0
1943.0,1998.0,1.0
1943.0,1999.0,1.0
1943.0,2000.0,1.0
1943.0,2001.0,1.0
1943.0,2002.0,1.0
1943.0,2003.0,1.0
1943.0,2004.0,1.0
1943.0,2005.0,1.0
1943.0,2006.0,1.0
1943.0,2007.0,1.0
1943.0,2008.0,1.0
1943.0,2009.0,1.0
1943.0,2009.5,1.0
1943.0,2010.0,1.0
1943.0,2011.0,1.0
1943.0,2012.0,1.0
1943.0,2013.0,1.0
1943.0,2014.0,1.0
1943.0,2015.0,1.0
1943.0,2016.0,1.0
1943.0,2017.0,1.0
1943.0,2018.0,1.0
1944.0,1944.0,0.05783766753339484
1944.0,1945.0,0.8858753541146586
1944.0,1946.0,1.0
1944.0,1947.0,1.0
1944.0,1948.0,1.0
1944.0,1949.0,1.0
1944.0,1950.0,1.0
1944.0,1951.0,1.0
1944.0,1952.0,1.0
1944.0,1953.0,1.0
1944.0,1954.0,1.0
1944.0,1955.0,1.0
1944.0,1956.0,1.0
1944.0,1957.0,1.0
1944.0,1958.0,1.0
1944.0,1959.0,1.0
1944.0,1960.0,1.0
1944.0,1961.0,1.0
1944.0,1962.0,1.0
1944.0,1963.0,1.0
1944.0,1964.0,1.0
1944.0,1965.0,1.0
1944.0,1966.0,1.0
1944.0,1967.0,1.0
1944.0,1968.0,1.0
1944.0,1969.0,1.0
1944.0,1970.0,1.0
1944.0,1971.0,1.0
1944.0,1972.0,1.0
1944.0,1973.0,1.0
1944.0,1974.0,1.0
1944.0,1975.0,1.0
1944.0,1976.0,1.0
1944.0,1977.0,1.0
1944.0,1978.0,1.0
1944.0,1979.0,1.0
1944.0,1980.0,1.0
1944.0,1981.0,1.0
1944.0,1982.0,1.0
1944.0,1983.0,1.0
1944.0,1984.0,1.0
1944.0,1985.0,1.0
1944.0,1986.0,1.0
1944.0,1987.0,1.0
1944.0,1988.0,1.0
1944.0,1989.0,1.0
1944.0,1990.0,1.0
1944.0,1991.0,1.0
1944.0,1992.0,1.0
1944.0,1993.0,1.0
1944.0,1994.0,1.0
1944.0,1995.0,1.0
1944.0,1996.0,1.0
1944.0,1997.0,1.0
1944.0,1998.0,1.0
1944.0,1999.0,1.0
1944.0,2000.0,1.0
1944.0,2001.0,1.0
1944.0,2002.0,1.0
1944.0,2003.0,1.0
1944.0,2004.0,1.0
1944.0,2005.0,1.0
1944.0,2006.0,1.0
1944.0,2007.0,1.0
1944.0,2008.0,1.0
1944.0,2009.0,1.0
1944.0,2009.5,1.0
1944.0,2010.0,1.0
1944.0,2011.0,1.0
1944.0,2012.0,1.0
1944.0,2013.0,1.0
1944.0,2014.0,1.0
1944.0,2015.0,1.0
1944.0,2016.0,1.0
1944.0,2017.0,1.0
1944.0,2018.0,1.0
1945.0,1945.0,0.04765136757258405
1945.0,1946.0,0.87835109097027
1945.0,1947.0,1.0
1945.0,1948.0,1.0
1945.0,1949.0,1.0
1945.0,1950.0,1.0
1945.0,1951.0,1.0
1945.0,1952.0,1.0
1945.0,1953.0,1.0
1945.0,1954.0,1.0
1945.0,1955.0,1.0
1945.0,1956.0,1.0
1945.0,1957.0,1.0
1945.0,1958.0,1.0
1945.0,1959.0,1.0
1945.0,1960.0,1.0
1945.0,1961.0,1.0
1945.0,1962.0,1.0
1945.0,1963.0,1.0
1945.0,1964.0,1.0
1945.0,1965.0,1.0
1945.0,1966.0,1.0
1945.0,1967.0,1.0
1945.0,1968.0,1.0
1945.0,1969.0,1.0
1945.0,1970.0,1.0
1945.0,1971.0,1.0
1945.0,1972.0,1.0
1945.0,1973.0,1.0
1945.0,1974.0,1.0
1945.0,1975.0,1.0
1945.0,1976.0,1.0
1945.0,1977.0,1.0
1945.0,1978.0,1.0
1945.0,1979.0,1.0
1945.0,1980.0,1.0
1945.0,1981.0,1.0
1945.0,1982.0,1.0
1945.0,1983.0,1.0
1945.0,1984.0,1.0
1945.0,1985.0,1.0
1945.0,1986.0,1.0
1945.0,1987.0,1.0
1945.0,1988.0,1.0
1945.0,1989.0,1.0
1945.0,1990.0,1.0
1945.0,1991.0,1.0
1945.0,1992.0,1.0
1945.0,1993.0,1.0
1945.0,1994.0,1.0
1945.0,1995.0,1.0
1945.0,1996.0,1.0
1945.0,1997.0,1.0
1945.0,1998.0,1.0
1945.0,1999.0,1.0
1945.0,2000.0,1.0
1945.0,2001.0,1.0
1945.0,2002.0,1.0
1945.0,2003.0,1.0
1945.0,2004.0,1.0
1945.0,2005.0,1.0
1945.0,2006.0,1.0
1945.0,2007.0,1.0
1945.0,2008.0,1.0
1945.0,2009.0,1.0
1945.0,2009.5,1.0
1945.0,2010.0,1.0
1945.0,2011.0,1.0
1945.0,2012.0,1.0
1945.0,2013.0,1.0
1945.0,2014.0,1.0
1945.0,2015.0,1.0
1945.0,2016.0,1.0
1945.0,2017.0,1.0
1945.0,2018.0,1.0
1946.0,1946.0,0.04765136757258405
1946.0,1947.0,0.952841191123198
1946.0,1948.0,1.0
1946.0,1949.0,1.0
1946.0,1950.0,1.0
1946.0,1951.0,1.0
1946.0,1952.0,1.0
1946.0,1953.0,1.0
1946.0,1954.0,1.0
1946.0,1955.0,1.0
1946.0,1956.0,1.0
1946.0,1957.0,1.0
1946.0,1958.0,1.0
1946.0,1959.0,1.0
1946.0,1960.0,1.0
1946.0,1961.0,1.0
1946.0,1962.0,1.0
1946.0,1963.0,1.0
1946.0,1964.0,1.0
1946.0,1965.0,1.0
1946.0,1966.0,1.0
1946.0,1967.0,1.0
1946.0,1968.0,1.0
1946.0,1969.0,1.0
1946.0,1970.0,1.0
1946.0,1971.0,1.0
1946.0,1972.0,1.0
1946.0,1973.0,1.0
1946.0,1974.0,1.0
1946.0,1975.0,1.0
1946.0,1976.0,1.0
1946.0,1977.0,1.0
1946.0,1978.0,1.0
1946.0,1979.0,1.0
1946.0,1980.0,1.0
1946.0,1981.0,1.0
1946.0,1982.0,1.0
1946.0,1983.0,1.0
1946.0,1984.0,1.0
1946.0,1985.0,1.0
1946.0,1986.0,1.0
1946.0,1987.0,1.0
1946.0,1988.0,1.0
1946.0,1989.0,1.0
1946.0,1990.0,1.0
1946.0,1991.0,1.0
1946.0,1992.0,1.0
1946.0,1993.0,1.0
1946.0,1994.0,1.0
1946.0,1995.0,1.0
1946.0,1996.0,1.0
1946.0,1997.0,1.0
1946.0,1998.0,1.0
1946.0,1999.0,1.0
1946.0,2000.0,1.0
1946.0,2001.0,1.0
1946.0,2002.0,1.0
1946.0,2003.0,1.0
1946.0,2004.0,1.0
1946.0,2005.0,1.0
1946.0,2006.0,1.0
1946.0,2007.0,1.0
1946.0,2008.0,1.0
1946.0,2009.0,1.0
1946.0,2009.5,1.0
1946.0,2010.0,1.0
1946.0,2011.0,1.0
1946.0,2012.0,1.0
1946.0,2013.0,1.0
1946.0,2014.0,1.0
1946.0,2015.0,1.0
1946.0,2016.0,1.0
1946.0,2017.0,1.0
1946.0,2018.0,1.0
1947.0,1947.0,0.046752285165554186
1947.0,1948.0,0.8745820806574275
1947.0,1949.0,1.0
1947.0,1950.0,1.0
1947.0,1951.0,1.0
1947.0,1952.0,1.0
1947.0,1953.0,1.0
1947.0,1954.0,1.0
1947.0,1955.0,1.0
1947.0,1956.0,1.0
1947.0,1957.0,1.0
1947.0,1958.0,1.0
1947.0,1959.0,1.0
1947.0,1960.0,1.0
1947.0,1961.0,1.0
1947.0,1962.0,1.0
1947.0,1963.0,1.0
1947.0,1964.0,1.0
1947.0,1965.0,1.0
1947.0,1966.0,1.0
1947.0,1967.0,1.0
1947.0,1968.0,1.0
1947.0,1969.0,1.0
1947.0,1970.0,1.0
1947.0,1971.0,1.0
1947.0,1972.0,1.0
1947.0,1973.0,1.0
1947.0,1974.0,1.0
1947.0,1975.0,1.0
1947.0,1976.0,1.0
1947.0,1977.0,1.0
1947.0,1978.0,1.0
1947.0,1979.0,1.0
1947.0,1980.0,1.0
1947.0,1981.0,1.0
1947.0,1982.0,1.0
1947.0,1983.0,1.0
1947.0,1984.0,1.0
1947.0,1985.0,1.0
1947.0,1986.0,1.0
1947.0,1987.0,1.0
1947.0,1988.0,1.0
1947.0,1989.0,1.0
1947.0,1990.0,1.0
1947.0,1991.0,1.0
1947.0,1992.0,1.0
1947.0,1993.0,1.0
1947.0,1994.0,1.0
1947.0,1995.0,1.0
1947.0,1996.0,1.0
1947.0,1997.0,1.0
1947.0,1998.0,1.0
1947.0,1999.0,1.0
1947.0,2000.0,1.0
1947.0,2001.0,1.0
1947.0,2002.0,1.0
1947.0,2003.0,1.0
1947.0,2004.0,1.0
1947.0,2005.0,1.0
1947.0,2006.0,1.0
1947.0,2007.0,1.0
1947.0,2008.0,1.0
1947.0,2009.0,1.0
1947.0,2009.5,1.0
1947.0,2010.0,1.0
1947.0,2011.0,1.0
1947.0,2012.0,1.0
1947.0,2013.0,1.0
1947.0,2014.0,1.0
1947.0,2015.0,1.0
1947.0,2016.0,1.0
1947.0,2017.0,1.0
1947.0,2018.0,1.0
1948.0,1948.0,0.05783766753339484
1948.0,1949.0,0.8858753541146586
1948.0,1950.0,1.0
1948.0,1951.0,1.0
1948.0,1952.0,1.0
1948.0,1953.0,1.0
1948.0,1954.0,1.0
1948.0,1955.0,1.0
1948.0,1956.0,1.0
1948.0,1957.0,1.0
1948.0,1958.0,1.0
1948.0,1959.0,1.0
1948.0,1960.0,1.0
1948.0,1961.0,1.0
1948.0,1962.0,1.0
1948.0,1963.0,1.0
1948.0,1964.0,1.0
1948.0,1965.0,1.0
1948.0,1966.0,1.0
1948.0,1967.0,1.0
1948.0,1968.0,1.0
1948.0,1969.0,1.0
1948.0,1970.0,1.0
1948.0,1971.0,1.0
1948.0,1972.0,1.0
1948.0,1973.0,1.0
1948.0,1974.0,1.0
1948.0,1975.0,1.0
1948.0,1976.0,1.0
1948.0,1977.0,1.0
1948.0,1978.0,1.0
1948.0,1979.0,1.0
1948.0,1980.0,1.0
1948.0,1981.0,1.0
1948.0,1982.0,1.0
1948.0,1983.0,1.0
1948.0,1984.0,1.0
1948.0,1985.0,1.0
1948.0,1986.0,1.0
1948.0,1987.0,1.0
1948.0,1988.0,1.0
1948.0,1989.0,1.0
1948.0,1990.0,1.0
1948.0,1991.0,1.0
1948.0,1992.0,1.0
1948.0,1993.0,1.0
1948.0,1994.0,1.0
1948.0,1995.0,1.0
1948.0,1996.0,1.0
1948.0,1997.0,1.0
1948.0,1998.0,1.0
1948.0,1999.0,1.0
1948.0,2000.0,1.0
1948.0,2001.0,1.0
1948.0,2002.0,1.0
1948.0,2003.0,1.0
1948.0,2004.0,1.0
1948.0,2005.0,1.0
1948.0,2006.0,1.0
1948.0,2007.0,1.0
1948.0,2008.0,1.0
1948.0,2009.0,1.0
1948.0,2009.5,1.0
1948.0,2010.0,1.0
1948.0,2011.0,1.0
1948.0,2012.0,1.0
1948.0,2013.0,1.0
1948.0,2014.0,1.0
1948.0,2015.0,1.0
1948.0,2016.0,1.0
1948.0,2017.0,1.0
1948.0,2018.0,1.0
1949.0,1949.0,0.05783766753339484
1949.0,1950.0,0.8858753541146586
1949.0,1951.0,1.0
1949.0,1952.0,1.0
1949.0,1953.0,1.0
1949.0,1954.0,1.0
1949.0,1955.0,1.0
1949.0,1956.0,1.0
1949.0,1957.0,1.0
1949.0,1958.0,1.0
1949.0,1959.0,1.0
1949.0,1960.0,1.0
1949.0,1961.0,1.0
1949.0,1962.0,1.0
1949.0,1963.0,1.0
1949.0,1964.0,1.0
1949.0,1965.0,1.0
1949.0,1966.0,1.0
1949.0,1967.0,1.0
1949.0,1968.0,1.0
1949.0,1969.0,1.0
1949.0,1970.0,1.0
1949.0,1971.0,1.0
1949.0,1972.0,1.0
1949.0,1973.0,1.0
1949.0,1974.0,1.0
1949.0,1975.0,1.0
1949.0,1976.0,1.0
1949.0,1977.0,1.0
1949.0,1978.0,1.0
1949.0,1979.0,1.0
1949.0,1980.0,1.0
1949.0,1981.0,1.0
1949.0,1982.0,1.0
1949.0,1983.0,1.0
1949.0,1984.0,1.0
1949.0,1985.0,1.0
1949.0,1986.0,1.0
1949.0,1987.0,1.0
1949.0,1988.0,1.0
1949.0,1989.0,1.0
1949.0,1990.0,1.0
1949.0,1991.0,1.0
1949.0,1992.0,1.0
1949.0,1993.0,1.0
1949.0,1994.0,1.0
1949.0,1995.0,1.0
1949.0,1996.0,1.0
1949.0,1997.0,1.0
1949.0,1998.0,1.0
1949.0,1999.0,1.0
1949.0,2000.0,1.0
1949.0,2001.0,1.0
1949.0,2002.0,1.0
1949.0,2003.0,1.0
1949.0,2004.0,1.0
1949.0,2005.0,1.0
1949.0,2006.0,1.0
1949.0,2007.0,1.0
1949.0,2008.0,1.0
1949.0,2009.0,1.0
1949.0,2009.5,1.0
1949.0,2010.0,1.0
1949.0,2011.0,1.0
1949.0,2012.0,1.0
1949.0,2013.0,1.0
1949.0,2014.0,1.0
1949.0,2015.0,1.0
1949.0,2016.0,1.0
1949.0,2017.0,1.0
1949.0,2018.0,1.0
1950.0,1950.0,0.05783766753339484
1950.0,1951.0,0.8858753541146586
1950.0,1952.0,1.0
1950.0,1953.0,1.0
1950.0,1954.0,1.0
1950.0,1955.0,1.0
1950.0,1956.0,1.0
1950.0,1957.0,1.0
1950.0,1958.0,1.0
1950.0,1959.0,1.0
1950.0,1960.0,1.0
1950.0,1961.0,1.0
1950.0,1962.0,1.0
1950.0,1963.0,1.0
1950.0,1964.0,1.0
1950.0,1965.0,1.0
1950.0,1966.0,1.0
1950.0,1967.0,1.0
1950.0,1968.0,1.0
1950.0,1969.0,1.0
1950.0,1970.0,1.0
1950.0,1971.0,1.0
1950.0,1972.0,1.0
1950.0,1973.0,1.0
1950.0,1974.0,1.0
1950.0,1975.0,1.0
1950.0,1976.0,1.0
1950.0,1977.0,1.0
1950.0,1978.0,1.0
1950.0,1979.0,1.0
1950.0,1980.0,1.0
1950.0,1981.0,1.0
1950.0,1982.0,1.0
1950.0,1983.0,1.0
1950.0,1984.0,1.0
1950.0,1985.0,1.0
1950.0,1986.0,1.0
1950.0,1987.0,1.0
1950.0,1988.0,1.0
1950.0,1989.0,1.0
1950.0,1990.0,1.0
1950.0,1991.0,1.0
1950.0,1992.0,1.0
1950.0,1993.0,1.0
1950.0,1994.0,1.0
1950.0,1995.0,1.0
1950.0,1996.0,1.0
1950.0,1997.0,1.0
1950.0,1998.0,1.0
1950.0,1999.0,1.0
1950.0,2000.0,1.0
1950.0,2001.0,1.0
1950.0,2002.0,1.0
1950.0,2003.0,1.0
1950.0,2004.0,1.0
1950.0,2005.0,1.0
1950.0,2006.0,1.0
1950.0,2007.0,1.0
1950.0,2008.0,1.0
1950.0,2009.0,1.0
1950.0,2009.5,1.0
1950.0,2010.0,1.0
1950.0,2011.0,1.0
1950.0,2012.0,1.0
1950.0,2013.0,1.0
1950.0,2014.0,1.0
1950.0,2015.0,1.0
1950.0,2016.0,1.0
1950.0,2017.0,1.0
1950.0,2018.0,1.0
1951.0,1951.0,0.04765136757258405
1951.0,1952.0,0.952841191123198
1951.0,1953.0,1.0
1951.0,1954.0,1.0
1951.0,1955.0,1.0
1951.0,1956.0,1.0
1951.0,1957.0,1.0
1951.0,1958.0,1.0
1951.0,1959.0,1.0
1951.0,1960.0,1.0
1951.0,1961.0,1.0
1951.0,1962.0,1.0
1951.0,1963.0,1.0
1951.0,1964.0,1.0
1951.0,1965.0,1.0
1951.0,1966.0,1.0
1951.0,1967.0,1.0
1951.0,1968.0,1.0
1951.0,1969.0,1.0
1951.0,1970.0,1.0
1951.0,1971.0,1.0
1951.0,1972.0,1.0
1951.0,1973.0,1.0
1951.0,1974.0,1.0
1951.0,1975.0,1.0
1951.0,1976.0,1.0
1951.0,1977.0,1.0
1951.0,1978.0,1.0
1951.0,1979.0,1.0
1951.0,1980.0,1.0
1951.0,1981.0,1.0
1951.0,1982.0,1.0
1951.0,1983.0,1.0
1951.0,1984.0,1.0
1951.0,1985.0,1.0
1951.0,1986.0,1.0
1951.0,1987.0,1.0
1951.0,1988.0,1.0
1951.0,1989.0,1.0
1951.0,1990.0,1.0
1951.0,1991.0,1.0
1951.0,1992.0,1.0
1951.0,1993.0,1.0
1951.0,1994.0,1.0
1951.0,1995.0,1.0
1951.0,1996.0,1.0
1951.0,1997.0,1.0
1951.0,1998.0,1.0
1951.0,1999.0,1.0
1951.0,2000.0,1.0
1951.0,2001.0,1.0
1951.0,2002.0,1.0
1951.0,2003.0,1.0
1951.0,2004.0,1.0
1951.0,2005.0,1.0
1951.0,2006.0,1.0
1951.0,2007.0,1.0
1951.0,2008.0,1.0
1951.0,2009.0,1.0
1951.0,2009.5,1.0
1951.0,2010.0,1.0
1951.0,2011.0,1.0
1951.0,2012.0,1.0
1951.0,2013.0,1.0
1951.0,2014.0,1.0
1951.0,2015.0,1.0
1951.0,2016.0,1.0
1951.0,2017.0,1.0
1951.0,2018.0,1.0
1952.0,1952.0,0.046752285165554186
1952.0,1953.0,0.8745820806574275
1952.0,1954.0,1.0
1952.0,1955.0,1.0
1952.0,1956.0,1.0
1952.0,1957.0,1.0
1952.0,1958.0,1.0
1952.0,1959.0,1.0
1952.0,1960.0,1.0
1952.0,1961.0,1.0
1952.0,1962.0,1.0
1952.0,1963.0,1.0
1952.0,1964.0,1.0
1952.0,1965.0,1.0
1952.0,1966.0,1.0
1952.0,1967.0,1.0
1952.0,1968.0,1.0
1952.0,1969.0,1.0
1952.0,1970.0,1.0
1952.0,1971.0,1.0
1952.0,1972.0,1.0
1952.0,1973.0,1.0
1952.0,1974.0,1.0
1952.0,1975.0,1.0
1952.0,1976.0,1.0
1952.0,1977.0,1.0
1952.0,1978.0,1.0
1952.0,1979.0,1.0
1952.0,1980.0,1.0
1952.0,1981.0,1.0
1952.0,1982.0,1.0
1952.0,1983.0,1.0
1952.0,1984.0,1.0
1952.0,1985.0,1.0
1952.0,1986.0,1.0
1952.0,1987.0,1.0
1952.0,1988.0,1.0
1952.0,1989.0,1.0
1952.0,1990.0,1.0
1952.0,1991.0,1.0
1952.0,1992.0,1.0
1952.0,1993.0,1.0
1952.0,1994.0,1.0
1952.0,1995.0,1.0
1952.0,1996.0,1.0
1952.0,1997.0,1.0
1952.0,1998.0,1.0
1952.0,1999.0,1.0
1952.0,2000.0,1.0
1952.0,2001.0,1.0
1952.0,2002.0,1.0
1952.0,2003.0,1.0
1952.0,2004.0,1.0
1952.0,2005.0,1.0
1952.0,2006.0,1.0
1952.0,2007.0,1.0
1952.0,2008.0,1.0
1952.0,2009.0,1.0
1952.0,2009.5,1.0
1952.0,2010.0,1.0
1952.0,2011.0,1.0
1952.0,2012.0,1.0
1952.0,2013.0,1.0
1952.0,2014.0,1.0
1952.0,2015.0,1.0
1952.0,2016.0,1.0
1952.0,2017.0,1.0
1952.0,2018.0,1.0
1953.0,1953.0,0.05783766753339484
1953.0,1954.0,0.8858753541146586
1953.0,1955.0,1.0
1953.0,1956.0,1.0
1953.0,1957.0,1.0
1953.0,1958.0,1.0
1953.0,1959.0,1.0
1953.0,1960.0,1.0
1953.0,1961.0,1.0
1953.0,1962.0,1.0
1953.0,1963.0,1.0
1953.0,1964.0,1.0
1953.0,1965.0,1.0
1953.0,1966.0,1.0
1953.0,1967.0,1.0
1953.0,1968.0,1.0
1953.0,1969.0,1.0
1953.0,1970.0,1.0
1953.0,1971.0,1.0
1953.0,1972.0,1.0
1953.0,1973.0,1.0
1953.0,1974.0,1.0
1953.0,1975.0,1.0
1953.0,1976.0,1.0
1953.0,1977.0,1.0
1953.0,1978.0,1.0
1953.0,1979.0,1.0
1953.0,1980.0,1.0
1953.0,1981.0,1.0
1953.0,1982.0,1.0
1953.0,1983.0,1.0
1953.0,1984.0,1.0
1953.0,1985.0,1.0
1953.0,1986.0,1.0
1953.0,1987.0,1.0
1953.0,1988.0,1.0
1953.0,1989.0,1.0
1953.0,1990.0,1.0
1953.0,1991.0,1.0
1953.0,1992.0,1.0
1953.0,1993.0,1.0
1953.0,1994.0,1.0
1953.0,1995.0,1.0
1953.0,1996.0,1.0
1953.0,1997.0,1.0
1953.0,1998.0,1.0
1953.0,1999.0,1.0
1953.0,2000.0,1.0
1953.0,2001.0,1.0
1953.0,2002.0,1.0
1953.0,2003.0,1.0
1953.0,2004.0,1.0
1953.0,2005.0,1.0
1953.0,2006.0,1.0
1953.0,2007.0,1.0
1953.0,2008.0,1.0
1953.0,2009.0,1.0
1953.0,2009.5,1.0
1953.0,2010.0,1.0
1953.0,2011.0,1.0
1953.0,2012.0,1.0
1953.0,2013.0,1.0
1953.0,2014.0,1.0
1953.0,2015.0,1.0
1953.0,2016.0,1.0
1953.0,2017.0,1.0
1953.0,2018.0,1.0
1954.0,1954.0,0.05783766753339484
1954.0,1955.0,0.8858753541146586
1954.0,1956.0,1.0
1954.0,1957.0,1.0
1954.0,1958.0,1.0
1954.0,1959.0,1.0
1954.0,1960.0,1.0
1954.0,1961.0,1.0
1954.0,1962.0,1.0
1954.0,1963.0,1.0
1954.0,1964.0,1.0
1954.0,1965.0,1.0
1954.0,1966.0,1.0
1954.0,1967.0,1.0
1954.0,1968.0,1.0
1954.0,1969.0,1.0
1954.0,1970.0,1.0
1954.0,1971.0,1.0
1954.0,1972.0,1.0
1954.0,1973.0,1.0
1954.0,1974.0,1.0
1954.0,1975.0,1.0
1954.0,1976.0,1.0
1954.0,1977.0,1.0
1954.0,1978.0,1.0
1954.0,1979.0,1.0
1954.0,1980.0,1.0
1954.0,1981.0,1.0
1954.0,1982.0,1.0
1954.0,1983.0,1.0
1954.0,1984.0,1.0
1954.0,1985.0,1.0
1954.0,1986.0,1.0
1954.0,1987.0,1.0
1954.0,1988.0,1.0
1954.0,1989.0,1.0
1954.0,1990.0,1.0
1954.0,1991.0,1.0
1954.0,1992.0,1.0
1954.0,1993.0,1.0
1954.0,1994.0,1.0
1954.0,1995.0,1.0
1954.0,1996.0,1.0
1954.0,1997.0,1.0
1954.0,1998.0,1.0
1954.0,1999.0,1.0
1954.0,2000.0,1.0
1954.0,2001.0,1.0
1954.0,2002.0,1.0
1954.0,2003.0,1.0
1954.0,2004.0,1.0
1954.0,2005.0,1.0
1954.0,2006.0,1.0
1954.0,2007.0,1.0
1954.0,2008.0,1.0
1954.0,2009.0,1.0
1954.0,2009.5,1.0
1954.0,2010.0,1.0
1954.0,2011.0,1.0
1954.0,2012.0,1.0
1954.0,2013.0,1.0
1954.0,2014.0,1.0
1954.0,2015.0,1.0
1954.0,2016.0,1.0
1954.0,2017.0,1.0
1954.0,2018.0,1.0
1955.0,1955.0,0.05783766753339484
1955.0,1956.0,0.8858753541146586
1955.0,1957.0,1.0
1955.0,1958.0,1.0
1955.0,1959.0,1.0
1955.0,1960.0,1.0
1955.0,1961.0,1.0
1955.0,1962.0,1.0
1955.0,1963.0,1.0
1955.0,1964.0,1.0
1955.0,1965.0,1.0
1955.0,1966.0,1.0
1955.0,1967.0,1.0
1955.0,1968.0,1.0
1955.0,1969.0,1.0
1955.0,1970.0,1.0
1955.0,1971.0,1.0
1955.0,1972.0,1.0
1955.0,1973.0,1.0
1955.0,1974.0,1.0
1955.0,1975.0,1.0
1955.0,1976.0,1.0
1955.0,1977.0,1.0
1955.0,1978.0,1.0
1955.0,1979.0,1.0
1955.0,1980.0,1.0
1955.0,1981.0,1.0
1955.0,1982.0,1.0
1955.0,1983.0,1.0
1955.0,1984.0,1.0
1955.0,1985.0,1.0
1955.0,1986.0,1.0
1955.0,1987.0,1.0
1955.0,1988.0,1.0
1955.0,1989.0,1.0
1955.0,1990.0,1.0
1955.0,1991.0,1.0
1955.0,1992.0,1.0
1955.0,1993.0,1.0
1955.0,1994.0,1.0
1955.0,1995.0,1.0
1955.0,1996.0,1.0
1955.0,1997.0,1.0
1955.0,1998.0,1.0
1955.0,1999.0,1.0
1955.0,2000.0,1.0
1955.0,2001.0,1.0
1955.0,2002.0,1.0
1955.0,2003.0,1.0
1955.0,2004.0,1.0
1955.0,2005.0,1.0
1955.0,2006.0,1.0
1955.0,2007.0,1.0
1955.0,2008.0,1.0
1955.0,2009.0,1.0
1955.0,2009.5,1.0
1955.0,2010.0,1.0
1955.0,2011.0,1.0
1955.0,2012.0,1.0
1955.0,2013.0,1.0
1955.0,2014.0,1.0
1955.0,2015.0,1.0
1955.0,2016.0,1.0
1955.0,2017.0,1.0
1955.0,2018.0,1.0
1956.0,1956.0,0.05783766753339484
1956.0,1957.0,0.8870802629262632
1956.0,1958.0,1.0
1956.0,1959.0,1.0
1956.0,1960.0,1.0
1956.0,1961.0,1.0
1956.0,1962.0,1.0
1956.0,1963.0,1.0
1956.0,1964.0,1.0
1956.0,1965.0,1.0
1956.0,1966.0,1.0
1956.0,1967.0,1.0
1956.0,1968.0,1.0
1956.0,1969.0,1.0
1956.0,1970.0,1.0
1956.0,1971.0,1.0
1956.0,1972.0,1.0
1956.0,1973.0,1.0
1956.0,1974.0,1.0
1956.0,1975.0,1.0
1956.0,1976.0,1.0
1956.0,1977.0,1.0
1956.0,1978.0,1.0
1956.0,1979.0,1.0
1956.0,1980.0,1.0
1956.0,1981.0,1.0
1956.0,1982.0,1.0
1956.0,1983.0,1.0
1956.0,1984.0,1.0
1956.0,1985.0,1.0
1956.0,1986.0,1.0
1956.0,1987.0,1.0
1956.0,1988.0,1.0
1956.0,1989.0,1.0
1956.0,1990.0,1.0
1956.0,1991.0,1.0
1956.0,1992.0,1.0
1956.0,1993.0,1.0
1956.0,1994.0,1.0
1956.0,1995.0,1.0
1956.0,1996.0,1.0
1956.0,1997.0,1.0
1956.0,1998.0,1.0
1956.0,1999.0,1.0
1956.0,2000.0,1.0
1956.0,2001.0,1.0
1956.0,2002.0,1.0
1956.0,2003.0,1.0
1956.0,2004.0,1.0
1956.0,2005.0,1.0
1956.0,2006.0,1.0
1956.0,2007.0,1.0
1956.0,2008.0,1.0
1956.0,2009.0,1.0
1956.0,2009.5,1.0
1956.0,2010.0,1.0
1956.0,2011.0,1.0
1956.0,2012.0,1.0
1956.0,2013.0,1.0
1956.0,2014.0,1.0
1956.0,2015.0,1.0
1956.0,2016.0,1.0
1956.0,2017.0,1.0
1956.0,2018.0,1.0
1957.0,1957.0,0.04765136757258405
1957.0,1958.0,0.952841191123198
1957.0,1959.0,1.0
1957.0,1960.0,1.0
1957.0,1961.0,1.0
1957.0,1962.0,1.0
1957.0,1963.0,1.0
1957.0,1964.0,1.0
1957.0,1965.0,1.0
1957.0,1966.0,1.0
1957.0,1967.0,1.0
1957.0,1968.0,1.0
1957.0,1969.0,1.0
1957.0,1970.0,1.0
1957.0,1971.0,1.0
1957.0,1972.0,1.0
1957.0,1973.0,1.0
1957.0,1974.0,1.0
1957.0,1975.0,1.0
1957.0,1976.0,1.0
1957.0,1977.0,1.0
1957.0,1978.0,1.0
1957.0,1979.0,1.0
1957.0,1980.0,1.0
1957.0,1981.0,1.0
1957.0,1982.0,1.0
1957.0,1983.0,1.0
1957.0,1984.0,1.0
1957.0,1985.0,1.0
1957.0,1986.0,1.0
1957.0,1987.0,1.0
1957.0,1988.0,1.0
1957.0,1989.0,1.0
1957.0,1990.0,1.0
1957.0,1991.0,1.0
1957.0,1992.0,1.0
1957.0,1993.0,1.0
1957.0,1994.0,1.0
1957.0,1995.0,1.0
1957.0,1996.0,1.0
1957.0,1997.0,1.0
1957.0,1998.0,1.0
1957.0,1999.0,1.0
1957.0,2000.0,1.0
1957.0,2001.0,1.0
1957.0,2002.0,1.0
1957.0,2003.0,1.0
1957.0,2004.0,1.0
1957.0,2005.0,1.0
1957.0,2006.0,1.0
1957.0,2007.0,1.0
1957.0,2008.0,1.0
1957.0,2009.0,1.0
1957.0,2009.5,1.0
1957.0,2010.0,1.0
1957.0,2011.0,1.0
1957.0,2012.0,1.0
1957.0,2013.0,1.0
1957.0,2014.0,1.0
1957.0,2015.0,1.0
1957.0,2016.0,1.0
1957.0,2017.0,1.0
1957.0,2018.0,1.0
1958.0,1958.0,0.046752285165554186
1958.0,1959.0,0.8745820806574275
1958.0,1960.0,1.0
1958.0,1961.0,1.0
1958.0,1962.0,1.0
1958.0,1963.0,1.0
1958.0,1964.0,1.0
1958.0,1965.0,1.0
1958.0,1966.0,1.0
1958.0,1967.0,1.0
1958.0,1968.0,1.0
1958.0,1969.0,1.0
1958.0,1970.0,1.0
1958.0,1971.0,1.0
1958.0,1972.0,1.0
1958.0,1973.0,1.0
1958.0,1974.0,1.0
1958.0,1975.0,1.0
1958.0,1976.0,1.0
1958.0,1977.0,1.0
1958.0,1978.0,1.0
1958.0,1979.0,1.0
1958.0,1980.0,1.0
1958.0,1981.0,1.0
1958.0,1982.0,1.0
1958.0,1983.0,1.0
1958.0,1984.0,1.0
1958.0,1985.0,1.0
1958.0,1986.0,1.0
1958.0,1987.0,1.0
1958.0,1988.0,1.0
1958.0,1989.0,1.0
1958.0,1990.0,1.0
1958.0,1991.0,1.0
1958.0,1992.0,1.0
1958.0,1993.0,1.0
1958.0,1994.0,1.0
1958.0,1995.0,1.0
1958.0,1996.0,1.0
1958.0,1997.0,1.0
1958.0,1998.0,1.0
1958.0,1999.0,1.0
1958.0,2000.0,1.0
1958.0,2001.0,1.0
1958.0,2002.0,1.0
1958.0,2003.0,1.0
1958.0,2004.0,1.0
1958.0,2005.0,1.0
1958.0,2006.0,1.0
1958.0,2007.0,1.0
1958.0,2008.0,1.0
1958.0,2009.0,1.0
1958.0,2009.5,1.0
1958.0,2010.0,1.0
1958.0,2011.0,1.0
1958.0,2012.0,1.0
1958.0,2013.0,1.0
1958.0,2014.0,1.0
1958.0,2015.0,1.0
1958.0,2016.0,1.0
1958.0,2017.0,1.0
1958.0,2018.0,1.0
1959.0,1959.0,0.05783766753339484
1959.0,1960.0,0.8858753541146586
1959.0,1961.0,1.0
1959.0,1962.0,1.0
1959.0,1963.0,1.0
1959.0,1964.0,1.0
1959.0,1965.0,1.0
1959.0,1966.0,1.0
1959.0,1967.0,1.0
1959.0,1968.0,1.0
1959.0,1969.0,1.0
1959.0,1970.0,1.0
1959.0,1971.0,1.0
1959.0,1972.0,1.0
1959.0,1973.0,1.0
1959.0,1974.0,1.0
1959.0,1975.0,1.0
1959.0,1976.0,1.0
1959.0,1977.0,1.0
1959.0,1978.0,1.0
1959.0,1979.0,1.0
1959.0,1980.0,1.0
1959.0,1981.0,1.0
1959.0,1982.0,1.0
1959.0,1983.0,1.0
1959.0,1984.0,1.0
1959.0,1985.0,1.0
1959.0,1986.0,1.0
1959.0,1987.0,1.0
1959.0,1988.0,1.0
1959.0,1989.0,1.0
1959.0,1990.0,1.0
1959.0,1991.0,1.0
1959.0,1992.0,1.0
1959.0,1993.0,1.0
1959.0,1994.0,1.0
1959.0,1995.0,1.0
1959.0,1996.0,1.0
1959.0,1997.0,1.0
1959.0,1998.0,1.0
1959.0,1999.0,1.0
1959.0,2000.0,1.0
1959.0,2001.0,1.0
1959.0,2002.0,1.0
1959.0,2003.0,1.0
1959.0,2004.0,1.0
1959.0,2005.0,1.0
1959.0,2006.0,1.0
1959.0,2007.0,1.0
1959.0,2008.0,1.0
1959.0,2009.0,1.0
1959.0,2009.5,1.0
1959.0,2010.0,1.0
1959.0,2011.0,1.0
1959.0,2012.0,1.0
1959.0,2013.0,1.0
1959.0,2014.0,1.0
1959.0,2015.0,1.0
1959.0,2016.0,1.0
1959.0,2017.0,1.0
1959.0,2018.0,1.0
1960.0,1960.0,0.05783766753339484
1960.0,1961.0,0.8858753541146586
1960.0,1962.0,1.0
1960.0,1963.0,1.0
1960.0,1964.0,1.0
1960.0,1965.0,1.0
1960.0,1966.0,1.0
1960.0,1967.0,1.0
1960.0,1968.0,1.0
1960.0,1969.0,1.0
1960.0,1970.0,1.0
1960.0,1971.0,1.0
1960.0,1972.0,1.0
1960.0,1973.0,1.0
1960.0,1974.0,1.0
1960.0,1975.0,1.0
1960.0,1976.0,1.0
1960.0,1977.0,1.0
1960.0,1978.0,1.0
1960.0,1979.0,1.0
1960.0,1980.0,1.0
1960.0,1981.0,1.0
1960.0,1982.0,1.0
1960.0,1983.0,1.0
1960.0,1984.0,1.0
1960.0,1985.0,1.0
1960.0,1986.0,1.0
1960.0,1987.0,1.0
1960.0,1988.0,1.0
1960.0,1989.0,1.0
1960.0,1990.0,1.0
1960.0,1991.0,1.0
1960.0,1992.0,1.0
1960.0,1993.0,1.0
1960.0,1994.0,1.0
1960.0,1995.0,1.0
1960.0,1996.0,1.0
1960.0,1997.0,1.0
1960.0,1998.0,1.0
1960.0,1999.0,1.0
1960.0,2000.0,1.0
1960.0,2001.0,1.0
1960.0,2002.0,1.0
1960.0,2003.0,1.0
1960.0,2004.0,1.0
1960.0,2005.0,1.0
1960.0,2006.0,1.0
1960.0,2007.0,1.0
1960.0,2008.0,1.0
1960.0,2009.0,1.0
1960.0,2009.5,1.0
1960.0,2010.0,1.0
1960.0,2011.0,1.0
1960.0,2012.0,1.0
1960.0,2013.0,1.0
1960.0,2014.0,1.0
1960.0,2015.0,1.0
1960.0,2016.0,1.0
1960.0,2017.0,1.0
1960.0,2018.0,1.0
1961.0,1961.0,0.05783766753339484
1961.0,1962.0,0.8858753541146586
1961.0,1963.0,1.0
1961.0,1964.0,1.0
1961.0,1965.0,1.0
1961.0,1966.0,1.0
1961.0,1967.0,1.0
1961.0,1968.0,1.0
1961.0,1969.0,1.0
1961.0,1970.0,1.0
1961.0,1971.0,1.0
1961.0,1972.0,1.0
1961.0,1973.0,1.0
1961.0,1974.0,1.0
1961.0,1975.0,1.0
1961.0,1976.0,1.0
1961.0,1977.0,1.0
1961.0,1978.0,1.0
1961.0,1979.0,1.0
1961.0,1980.0,1.0
1961.0,1981.0,1.0
1961.0,1982.0,1.0
1961.0,1983.0,1.0
1961.0,1984.0,1.0
1961.0,1985.0,1.0
1961.0,1986.0,1.0
1961.0,1987.0,1.0
1961.0,1988.0,1.0
1961.0,1989.0,1.0
1961.0,1990.0,1.0
1961.0,1991.0,1.0
1961.0,1992.0,1.0
1961.0,1993.0,1.0
1961.0,1994.0,1.0
1961.0,1995.0,1.0
1961.0,1996.0,1.0
1961.0,1997.0,1.0
1961.0,1998.0,1.0
1961.0,1999.0,1.0
1961.0,2000.0,1.0
1961.0,2001.0,1.0
1961.0,2002.0,1.0
1961.0,2003.0,1.0
1961.0,2004.0,1.0
1961.0,2005.0,1.0
1961.0,2006.0,1.0
1961.0,2007.0,1.0
1961.0,2008.0,1.0
1961.0,2009.0,1.0
1961.0,2009.5,1.0
1961.0,2010.0,1.0
1961.0,2011.0,1.0
1961.0,2012.0,1.0
1961.0,2013.0,1.0
1961.0,2014.0,1.0
1961.0,2015.0,1.0
1961.0,2016.0,1.0
1961.0,2017.0,1.0
1961.0,2018.0,1.0
1962.0,1962.0,0.04765136757258405
1962.0,1963.0,0.87835109097027
1962.0,1964.0,1.0
1962.0,1965.0,1.0
1962.0,1966.0,1.0
1962.0,1967.0,1.0
1962.0,1968.0,1.0
1962.0,1969.0,1.0
1962.0,1970.0,1.0
1962.0,1971.0,1.0
1962.0,1972.0,1.0
1962.0,1973.0,1.0
1962.0,1974.0,1.0
1962.0,1975.0,1.0
1962.0,1976.0,1.0
1962.0,1977.0,1.0
1962.0,1978.0,1.0
1962.0,1979.0,1.0
1962.0,1980.0,1.0
1962.0,1981.0,1.0
1962.0,1982.0,1.0
1962.0,1983.0,1.0
1962.0,1984.0,1.0
1962.0,1985.0,1.0
1962.0,1986.0,1.0
1962.0,1987.0,1.0
1962.0,1988.0,1.0
1962.0,1989.0,1.0
1962.0,1990.0,1.0
1962.0,1991.0,1.0
1962.0,1992.0,1.0
1962.0,1993.0,1.0
1962.0,1994.0,1.0
1962.0,1995.0,1.0
1962.0,1996.0,1.0
1962.0,1997.0,1.0
1962.0,1998.0,1.0
1962.0,1999.0,1.0
1962.0,2000.0,1.0
1962.0,2001.0,1.0
1962.0,2002.0,1.0
1962.0,2003.0,1.0
1962.0,2004.0,1.0
1962.0,2005.0,1.0
1962.0,2006.0,1.0
1962.0,2007.0,1.0
1962.0,2008.0,1.0
1962.0,2009.0,1.0
1962.0,2009.5,1.0
1962.0,2010.0,1.0
1962.0,2011.0,1.0
1962.0,2012.0,1.0
1962.0,2013.0,1.0
1962.0,2014.0,1.0
1962.0,2015.0,1.0
1962.0,2016.0,1.0
1962.0,2017.0,1.0
1962.0,2018.0,1.0
1963.0,1963.0,0.04765136757258405
1963.0,1964.0,0.952841191123198
1963.0,1965.0,1.0
1963.0,1966.0,1.0
1963.0,1967.0,1.0
1963.0,1968.0,1.0
1963.0,1969.0,1.0
1963.0,1970.0,1.0
1963.0,1971.0,1.0
1963.0,1972.0,1.0
1963.0,1973.0,1.0
1963.0,1974.0,1.0
1963.0,1975.0,1.0
1963.0,1976.0,1.0
1963.0,1977.0,1.0
1963.0,1978.0,1.0
1963.0,1979.0,1.0
1963.0,1980.0,1.0
1963.0,1981.0,1.0
1963.0,1982.0,1.0
1963.0,1983.0,1.0
1963.0,1984.0,1.0
1963.0,1985.0,1.0
1963.0,1986.0,1.0
1963.0,1987.0,1.0
1963.0,1988.0,1.0
1963.0,1989.0,1.0
1963.0,1990.0,1.0
1963.0,1991.0,1.0
1963.0,1992.0,1.0
1963.0,1993.0,1.0
1963.0,1994.0,1.0
1963.0,1995.0,1.0
1963.0,1996.0,1.0
1963.0,1997.0,1.0
1963.0,1998.0,1.0
1963.0,1999.0,1.0
1963.0,2000.0,1.0
1963.0,2001.0,1.0
1963.0,2002.0,1.0
1963.0,2003.0,1.0
1963.0,2004.0,1.0
1963.0,2005.0,1.0
1963.0,2006.0,1.0
1963.0,2007.0,1.0
1963.0,2008.0,1.0
1963.0,2009.0,1.0
1963.0,2009.5,1.0
1963.0,2010.0,1.0
1963.0,2011.0,1.0
1963.0,2012.0,1.0
1963.0,2013.0,1.0
1963.0,2014.0,1.0
1963.0,2015.0,1.0
1963.0,2016.0,1.0
1963.0,2017.0,1.0
1963.0,2018.0,1.0
1964.0,1964.0,0.046752285165554186
1964.0,1965.0,0.8745820806574275
1964.0,1966.0,1.0
1964.0,1967.0,1.0
1964.0,1968.0,1.0
1964.0,1969.0,1.0
1964.0,1970.0,1.0
1964.0,1971.0,1.0
1964.0,1972.0,1.0
1964.0,1973.0,1.0
1964.0,1974.0,1.0
1964.0,1975.0,1.0
1964.0,1976.0,1.0
1964.0,1977.0,1.0
1964.0,1978.0,1.0
1964.0,1979.0,1.0
1964.0,1980.0,1.0
1964.0,1981.0,1.0
1964.0,1982.0,1.0
1964.0,1983.0,1.0
1964.0,1984.0,1.0
1964.0,1985.0,1.0
1964.0,1986.0,1.0
1964.0,1987.0,1.0
1964.0,1988.0,1.0
1964.0,1989.0,1.0
1964.0,1990.0,1.0
1964.0,1991.0,1.0
1964.0,1992.0,1.0
1964.0,1993.0,1.0
1964.0,1994.0,1.0
1964.0,1995.0,1.0
1964.0,1996.0,1.0
1964.0,1997.0,1.0
1964.0,1998.0,1.0
1964.0,1999.0,1.0
1964.0,2000.0,1.0
1964.0,2001.0,1.0
1964.0,2002.0,1.0
1964.0,2003.0,1.0
1964.0,2004.0,1.0
1964.0,2005.0,1.0
1964.0,2006.0,1.0
1964.0,2007.0,1.0
1964.0,2008.0,1.0
1964.0,2009.0,1.0
1964.0,2009.5,1.0
1964.0,2010.0,1.0
1964.0,2011.0,1.0
1964.0,2012.0,1.0
1964.0,2013.0,1.0
1964.0,2014.0,1.0
1964.0,2015.0,1.0
1964.0,2016.0,1.0
1964.0,2017.0,1.0
1964.0,2018.0,1.0
1965.0,1965.0,0.05783766753339484
1965.0,1966.0,0.8858753541146586
1965.0,1967.0,1.0
1965.0,1968.0,1.0
1965.0,1969.0,1.0
1965.0,1970.0,1.0
1965.0,1971.0,1.0
1965.0,1972.0,1.0
1965.0,1973.0,1.0
1965.0,1974.0,1.0
1965.0,1975.0,1.0
1965.0,1976.0,1.0
1965.0,1977.0,1.0
1965.0,1978.0,1.0
1965.0,1979.0,1.0
1965.0,1980.0,1.0
1965.0,1981.0,1.0
1965.0,1982.0,1.0
1965.0,1983.0,1.0
1965.0,1984.0,1.0
1965.0,1985.0,1.0
1965.0,1986.0,1.0
1965.0,1987.0,1.0
1965.0,1988.0,1.0
1965.0,1989.0,1.0
1965.0,1990.0,1.0
1965.0,1991.0,1.0
1965.0,1992.0,1.0
1965.0,1993.0,1.0
1965.0,1994.0,1.0
1965.0,1995.0,1.0
1965.0,1996.0,1.0
1965.0,1997.0,1.0
1965.0,1998.0,1.0
1965.0,1999.0,1.0
1965.0,2000.0,1.0
1965.0,2001.0,1.0
1965.0,2002.0,1.0
1965.0,2003.0,1.0
1965.0,2004.0,1.0
1965.0,2005.0,1.0
1965.0,2006.0,1.0
1965.0,2007.0,1.0
1965.0,2008.0,1.0
1965.0,2009.0,1.0
1965.0,2009.5,1.0
1965.0,2010.0,1.0
1965.0,2011.0,1.0
1965.0,2012.0,1.0
1965.0,2013.0,1.0
1965.0,2014.0,1.0
1965.0,2015.0,1.0
1965.0,2016.0,1.0
1965.0,2017.0,1.0
1965.0,2018.0,1.0
1966.0,1966.0,0.05783766753339484
1966.0,1967.0,0.8858753541146586
1966.0,1968.0,1.0
1966.0,1969.0,1.0
1966.0,1970.0,1.0
1966.0,1971.0,1.0
1966.0,1972.0,1.0
1966.0,1973.0,1.0
1966.0,1974.0,1.0
1966.0,1975.0,1.0
1966.0,1976.0,1.0
1966.0,1977.0,1.0
1966.0,1978.0,1.0
1966.0,1979.0,1.0
1966.0,1980.0,1.0
1966.0,1981.0,1.0
1966.0,1982.0,1.0
1966.0,1983.0,1.0
1966.0,1984.0,1.0
1966.0,1985.0,1.0
1966.0,1986.0,1.0
1966.0,1987.0,1.0
1966.0,1988.0,1.0
1966.0,1989.0,1.0
1966.0,1990.0,1.0
1966.0,1991.0,1.0
1966.0,1992.0,1.0
1966.0,1993.0,1.0
1966.0,1994.0,1.0
1966.0,1995.0,1.0
1966.0,1996.0,1.0
1966.0,1997.0,1.0
1966.0,1998.0,1.0
1966.0,1999.0,1.0
1966.0,2000.0,1.0
1966.0,2001.0,1.0
1966.0,2002.0,1.0
1966.0,2003.0,1.0
1966.0,2004.0,1.0
1966.0,2005.0,1.0
1966.0,2006.0,1.0
1966.0,2007.0,1.0
1966.0,2008.0,1.0
1966.0,2009.0,1.0
1966.0,2009.5,1.0
1966.0,2010.0,1.0
1966.0,2011.0,1.0
1966.0,2012.0,1.0
1966.0,2013.0,1.0
1966.0,2014.0,1.0
1966.0,2015.0,1.0
1966.0,2016.0,1.0
1966.0,2017.0,1.0
1966.0,2018.0,1.0
1967.0,1967.0,0.05783766753339484
1967.0,1968.0,0.8858753541146586
1967.0,1969.0,1.0
1967.0,1970.0,1.0
1967.0,1971.0,1.0
1967.0,1972.0,1.0
1967.0,1973.0,1.0
1967.0,1974.0,1.0
1967.0,1975.0,1.0
1967.0,1976.0,1.0
1967.0,1977.0,1.0
1967.0,1978.0,1.0
1967.0,1979.0,1.0
1967.0,1980.0,1.0
1967.0,1981.0,1.0
1967.0,1982.0,1.0
1967.0,1983.0,1.0
1967.0,1984.0,1.0
1967.0,1985.0,1.0
1967.0,1986.0,1.0
1967.0,1987.0,1.0
1967.0,1988.0,1.0
1967.0,1989.0,1.0
1967.0,1990.0,1.0
1967.0,1991.0,1.0
1967.0,1992.0,1.0
1967.0,1993.0,1.0
1967.0,1994.0,1.0
1967.0,1995.0,1.0
1967.0,1996.0,1.0
1967.0,1997.0,1.0
1967.0,1998.0,1.0
1967.0,1999.0,1.0
1967.0,2000.0,1.0
1967.0,2001.0,1.0
1967.0,2002.0,1.0
1967.0,2003.0,1.0
1967.0,2004.0,1.0
1967.0,2005.0,1.0
1967.0,2006.0,1.0
1967.0,2007.0,1.0
1967.0,2008.0,1.0
1967.0,2009.0,1.0
1967.0,2009.5,1.0
1967.0,2010.0,1.0
1967.0,2011.0,1.0
1967.0,2012.0,1.0
1967.0,2013.0,1.0
1967.0,2014.0,1.0
1967.0,2015.0,1.0
1967.0,2016.0,1.0
1967.0,2017.0,1.0
1967.0,2018.0,1.0
1968.0,1968.0,0.04765136757258405
1968.0,1969.0,0.952841191123198
1968.0,1970.0,1.0
1968.0,1971.0,1.0
1968.0,1972.0,1.0
1968.0,1973.0,1.0
1968.0,1974.0,1.0
1968.0,1975.0,1.0
1968.0,1976.0,1.0
1968.0,1977.0,1.0
1968.0,1978.0,1.0
1968.0,1979.0,1.0
1968.0,1980.0,1.0
1968.0,1981.0,1.0
1968.0,1982.0,1.0
1968.0,1983.0,1.0
1968.0,1984.0,1.0
1968.0,1985.0,1.0
1968.0,1986.0,1.0
1968.0,1987.0,1.0
1968.0,1988.0,1.0
1968.0,1989.0,1.0
1968.0,1990.0,1.0
1968.0,1991.0,1.0
1968.0,1992.0,1.0
1968.0,1993.0,1.0
1968.0,1994.0,1.0
1968.0,1995.0,1.0
1968.0,1996.0,1.0
1968.0,1997.0,1.0
1968.0,1998.0,1.0
1968.0,1999.0,1.0
1968.0,2000.0,1.0
1968.0,2001.0,1.0
1968.0,2002.0,1.0
1968.0,2003.0,1.0
1968.0,2004.0,1.0
1968.0,2005.0,1.0
1968.0,2006.0,1.0
1968.0,2007.0,1.0
1968.0,2008.0,1.0
1968.0,2009.0,1.0
1968.0,2009.5,1.0
1968.0,2010.0,1.0
1968.0,2011.0,1.0
1968.0,2012.0,1.0
1968.0,2013.0,1.0
1968.0,2014.0,1.0
1968.0,2015.0,1.0
1968.0,2016.0,1.0
1968.0,2017.0,1.0
1968.0,2018.0,1.0
1969.0,1969.0,0.046752285165554186
1969.0,1970.0,0.8745820806574275
1969.0,1971.0,1.0
1969.0,1972.0,1.0
1969.0,1973.0,1.0
1969.0,1974.0,1.0
1969.0,1975.0,1.0
1969.0,1976.0,1.0
1969.0,1977.0,1.0
1969.0,1978.0,1.0
1969.0,1979.0,1.0
1969.0,1980.0,1.0
1969.0,1981.0,1.0
1969.0,1982.0,1.0
1969.0,1983.0,1.0
1969.0,1984.0,1.0
1969.0,1985.0,1.0
1969.0,1986.0,1.0
1969.0,1987.0,1.0
1969.0,1988.0,1.0
1969.0,1989.0,1.0
1969.0,1990.0,1.0
1969.0,1991.0,1.0
1969.0,1992.0,1.0
1969.0,1993.0,1.0
1969.0,1994.0,1.0
1969.0,1995.0,1.0
1969.0,1996.0,1.0
1969.0,1997.0,1.0
1969.0,1998.0,1.0
1969.0,1999.0,1.0
1969.0,2000.0,1.0
1969.0,2001.0,1.0
1969.0,2002.0,1.0
1969.0,2003.0,1.0
1969.0,2004.0,1.0
1969.0,2005.0,1.0
1969.0,2006.0,1.0
1969.0,2007.0,1.0
1969.0,2008.0,1.0
1969.0,2009.0,1.0
1969.0,2009.5,1.0
1969.0,2010.0,1.0
1969.0,2011.0,1.0
1969.0,2012.0,1.0
1969.0,2013.0,1.0
1969.0,2014.0,1.0
1969.0,2015.0,1.0
1969.0,2016.0,1.0
1969.0,2017.0,1.0
1969.0,2018.0,1.0
1970.0,1970.0,0.05783766753339484
1970.0,1971.0,0.8858753541146586
1970.0,1972.0,1.0
1970.0,1973.0,1.0
1970.0,1974.0,1.0
1970.0,1975.0,1.0
1970.0,1976.0,1.0
1970.0,1977.0,1.0
1970.0,1978.0,1.0
1970.0,1979.0,1.0
1970.0,1980.0,1.0
1970.0,1981.0,1.0
1970.0,1982.0,1.0
1970.0,1983.0,1.0
1970.0,1984.0,1.0
1970.0,1985.0,1.0
1970.0,1986.0,1.0
1970.0,1987.0,1.0
1970.0,1988.0,1.0
1970.0,1989.0,1.0
1970.0,1990.0,1.0
1970.0,1991.0,1.0
1970.0,1992.0,1.0
1970.0,1993.0,1.0
1970.0,1994.0,1.0
1970.0,1995.0,1.0
1970.0,1996.0,1.0
1970.0,1997.0,1.0
1970.0,1998.0,1.0
1970.0,1999.0,1.0
1970.0,2000.0,1.0
1970.0,2001.0,1.0
1970.0,2002.0,1.0
1970.0,2003.0,1.0
1970.0,2004.0,1.0
1970.0,2005.0,1.0
1970.0,2006.0,1.0
1970.0,2007.0,1.0
1970.0,2008.0,1.0
1970.0,2009.0,1.0
1970.0,2009.5,1.0
1970.0,2010.0,1.0
1970.0,2011.0,1.0
1970.0,2012.0,1.0
1970.0,2013.0,1.0
1970.0,2014.0,1.0
1970.0,2015.0,1.0
1970.0,2016.0,1.0
1970.0,2017.0,1.0
1970.0,2018.0,1.0
1971.0,1971.0,0.05783766753339484
1971.0,1972.0,0.8858753541146586
1971.0,1973.0,1.0
1971.0,1974.0,1.0
1971.0,1975.0,1.0
1971.0,1976.0,1.0
1971.0,1977.0,1.0
1971.0,1978.0,1.0
1971.0,1979.0,1.0
1971.0,1980.0,1.0
1971.0,1981.0,1.0
1971.0,1982.0,1.0
1971.0,1983.0,1.0
1971.0,1984.0,1.0
1971.0,1985.0,1.0
1971.0,1986.0,1.0
1971.0,1987.0,1.0
1971.0,1988.0,1.0
1971.0,1989.0,1.0
1971.0,1990.0,1.0
1971.0,1991.0,1.0
1971.0,1992.0,1.0
1971.0,1993.0,1.0
1971.0,1994.0,1.0
1971.0,1995.0,1.0
1971.0,1996.0,1.0
1971.0,1997.0,1.0
1971.0,1998.0,1.0
1971.0,1999.0,1.0
1971.0,2000.0,1.0
1971.0,2001.0,1.0
1971.0,2002.0,1.0
1971.0,2003.0,1.0
1971.0,2004.0,1.0
1971.0,2005.0,1.0
1971.0,2006.0,1.0
1971.0,2007.0,1.0
1971.0,2008.0,1.0
1971.0,2009.0,1.0
1971.0,2009.5,1.0
1971.0,2010.0,1.0
1971.0,2011.0,1.0
1971.0,2012.0,1.0
1971.0,2013.0,1.0
1971.0,2014.0,1.0
1971.0,2015.0,1.0
1971.0,2016.0,1.0
1971.0,2017.0,1.0
1971.0,2018.0,1.0
1972.0,1972.0,0.05783766753339484
1972.0,1973.0,0.8858753541146586
1972.0,1974.0,1.0
1972.0,1975.0,1.0
1972.0,1976.0,1.0
1972.0,1977.0,1.0
1972.0,1978.0,1.0
1972.0,1979.0,1.0
1972.0,1980.0,1.0
1972.0,1981.0,1.0
1972.0,1982.0,1.0
1972.0,1983.0,1.0
1972.0,1984.0,1.0
1972.0,1985.0,1.0
1972.0,1986.0,1.0
1972.0,1987.0,1.0
1972.0,1988.0,1.0
1972.0,1989.0,1.0
1972.0,1990.0,1.0
1972.0,1991.0,1.0
1972.0,1992.0,1.0
1972.0,1993.0,1.0
1972.0,1994.0,1.0
1972.0,1995.0,1.0
1972.0,1996.0,1.0
1972.0,1997.0,1.0
1972.0,1998.0,1.0
1972.0,1999.0,1.0
1972.0,2000.0,1.0
1972.0,2001.0,1.0
1972.0,2002.0,1.0
1972.0,2003.0,1.0
1972.0,2004.0,1.0
1972.0,2005.0,1.0
1972.0,2006.0,1.0
1972.0,2007.0,1.0
1972.0,2008.0,1.0
1972.0,2009.0,1.0
1972.0,2009.5,1.0
1972.0,2010.0,1.0
1972.0,2011.0,1.0
1972.0,2012.0,1.0
1972.0,2013.0,1.0
1972.0,2014.0,1.0
1972.0,2015.0,1.0
1972.0,2016.0,1.0
1972.0,2017.0,1.0
1972.0,2018.0,1.0
1973.0,1973.0,0.04765136757258405
1973.0,1974.0,0.87835109097027
1973.0,1975.0,1.0
1973.0,1976.0,1.0
1973.0,1977.0,1.0
1973.0,1978.0,1.0
1973.0,1979.0,1.0
1973.0,1980.0,1.0
1973.0,1981.0,1.0
1973.0,1982.0,1.0
1973.0,1983.0,1.0
1973.0,1984.0,1.0
1973.0,1985.0,1.0
1973.0,1986.0,1.0
1973.0,1987.0,1.0
1973.0,1988.0,1.0
1973.0,1989.0,1.0
1973.0,1990.0,1.0
1973.0,1991.0,1.0
1973.0,1992.0,1.0
1973.0,1993.0,1.0
1973.0,1994.0,1.0
1973.0,1995.0,1.0
1973.0,1996.0,1.0
1973.0,1997.0,1.0
1973.0,1998.0,1.0
1973.0,1999.0,1.0
1973.0,2000.0,1.0
1973.0,2001.0,1.0
1973.0,2002.0,1.0
1973.0,2003.0,1.0
1973.0,2004.0,1.0
1973.0,2005.0,1.0
1973.0,2006.0,1.0
1973.0,2007.0,1.0
1973.0,2008.0,1.0
1973.0,2009.0,1.0
1973.0,2009.5,1.0
1973.0,2010.0,1.0
1973.0,2011.0,1.0
1973.0,2012.0,1.0
1973.0,2013.0,1.0
1973.0,2014.0,1.0
1973.0,2015.0,1.0
1973.0,2016.0,1.0
1973.0,2017.0,1.0
1973.0,2018.0,1.0
1974.0,1974.0,0.04765136757258405
1974.0,1975.0,0.952841191123198
1974.0,1976.0,1.0
1974.0,1977.0,1.0
1974.0,1978.0,1.0
1974.0,1979.0,1.0
1974.0,1980.0,1.0
1974.0,1981.0,1.0
1974.0,1982.0,1.0
1974.0,1983.0,1.0
1974.0,1984.0,1.0
1974.0,1985.0,1.0
1974.0,1986.0,1.0
1974.0,1987.0,1.0
1974.0,1988.0,1.0
1974.0,1989.0,1.0
1974.0,1990.0,1.0
1974.0,1991.0,1.0
1974.0,1992.0,1.0
1974.0,1993.0,1.0
1974.0,1994.0,1.0
1974.0,1995.0,1.0
1974.0,1996.0,1.0
1974.0,1997.0,1.0
1974.0,1998.0,1.0
1974.0,1999.0,1.0
1974.0,2000.0,1.0
1974.0,2001.0,1.0
1974.0,2002.0,1.0
1974.0,2003.0,1.0
1974.0,2004.0,1.0
1974.0,2005.0,1.0
1974.0,2006.0,1.0
1974.0,2007.0,1.0
1974.0,2008.0,1.0
1974.0,2009.0,1.0
1974.0,2009.5,1.0
1974.0,2010.0,1.0
1974.0,2011.0,1.0
1974.0,2012.0,1.0
1974.0,2013.0,1.0
1974.0,2014.0,1.0
1974.0,2015.0,1.0
1974.0,2016.0,1.0
1974.0,2017.0,1.0
1974.0,2018.0,1.0
1975.0,1975.0,0.046752285165554186
1975.0,1976.0,0.8745820806574275
1975.0,1977.0,1.0
1975.0,1978.0,1.0
1975.0,1979.0,1.0
1975.0,1980.0,1.0
1975.0,1981.0,1.0
1975.0,1982.0,1.0
1975.0,1983.0,1.0
1975.0,1984.0,1.0
1975.0,1985.0,1.0
1975.0,1986.0,1.0
1975.0,1987.0,1.0
1975.0,1988.0,1.0
1975.0,1989.0,1.0
1975.0,1990.0,1.0
1975.0,1991.0,1.0
1975.0,1992.0,1.0
1975.0,1993.0,1.0
1975.0,1994.0,1.0
1975.0,1995.0,1.0
1975.0,1996.0,1.0
1975.0,1997.0,1.0
1975.0,1998.0,1.0
1975.0,1999.0,1.0
1975.0,2000.0,1.0
1975.0,2001.0,1.0
1975.0,2002.0,1.0
1975.0,2003.0,1.0
1975.0,2004.0,1.0
1975.0,2005.0,1.0
1975.0,2006.0,1.0
1975.0,2007.0,1.0
1975.0,2008.0,1.0
1975.0,2009.0,1.0
1975.0,2009.5,1.0
1975.0,2010.0,1.0
1975.0,2011.0,1.0
1975.0,2012.0,1.0
1975.0,2013.0,1.0
1975.0,2014.0,1.0
1975.0,2015.0,1.0
1975.0,2016.0,1.0
1975.0,2017.0,1.0
1975.0,2018.0,1.0
1976.0,1976.0,0.05783766753339484
1976.0,1977.0,0.8858753541146586
1976.0,1978.0,1.0
1976.0,1979.0,1.0
1976.0,1980.0,1.0
1976.0,1981.0,1.0
1976.0,1982.0,1.0
1976.0,1983.0,1.0
1976.0,1984.0,1.0
1976.0,1985.0,1.0
1976.0,1986.0,1.0
1976.0,1987.0,1.0
1976.0,1988.0,1.0
1976.0,1989.0,1.0
1976.0,1990.0,1.0
1976.0,1991.0,1.0
1976.0,1992.0,1.0
1976.0,1993.0,1.0
1976.0,1994.0,1.0
1976.0,1995.0,1.0
1976.0,1996.0,1.0
1976.0,1997.0,1.0
1976.0,1998.0,1.0
1976.0,1999.0,1.0
1976.0,2000.0,1.0
1976.0,2001.0,1.0
1976.0,2002.0,1.0
1976.0,2003.0,1.0
1976.0,2004.0,1.0
1976.0,2005.0,1.0
1976.0,2006.0,1.0
1976.0,2007.0,1.0
1976.0,2008.0,1.0
1976.0,2009.0,1.0
1976.0,2009.5,1.0
1976.0,2010.0,1.0
1976.0,2011.0,1.0
1976.0,2012.0,1.0
1976.0,2013.0,1.0
1976.0,2014.0,1.0
1976.0,2015.0,1.0
1976.0,2016.0,1.0
1976.0,2017.0,1.0
1976.0,2018.0,1.0
1977.0,1977.0,0.05783766753339484
1977.0,1978.0,0.8858753541146586
1977.0,1979.0,1.0
1977.0,1980.0,1.0
1977.0,1981.0,1.0
1977.0,1982.0,1.0
1977.0,1983.0,1.0
1977.0,1984.0,1.0
1977.0,1985.0,1.0
1977.0,1986.0,1.0
1977.0,1987.0,1.0
1977.0,1988.0,1.0
1977.0,1989.0,1.0
1977.0,1990.0,1.0
1977.0,1991.0,1.0
1977.0,1992.0,1.0
1977.0,1993.0,1.0
1977.0,1994.0,1.0
1977.0,1995.0,1.0
1977.0,1996.0,1.0
1977.0,1997.0,1.0
1977.0,1998.0,1.0
1977.0,1999.0,1.0
1977.0,2000.0,1.0
1977.0,2001.0,1.0
1977.0,2002.0,1.0
1977.0,2003.0,1.0
1977.0,2004.0,1.0
1977.0,2005.0,1.0
1977.0,2006.0,1.0
1977.0,2007.0,1.0
1977.0,2008.0,1.0
1977.0,2009.0,1.0
1977.0,2009.5,1.0
1977.0,2010.0,1.0
1977.0,2011.0,1.0
1977.0,2012.0,1.0
1977.0,2013.0,1.0
1977.0,2014.0,1.0
1977.0,2015.0,1.0
1977.0,2016.0,1.0
1977.0,2017.0,1.0
1977.0,2018.0,1.0
1978.0,1978.0,0.05783766753339484
1978.0,1979.0,0.8858753541146586
1978.0,1980.0,1.0
1978.0,1981.0,1.0
1978.0,1982.0,1.0
1978.0,1983.0,1.0
1978.0,1984.0,1.0
1978.0,1985.0,1.0
1978.0,1986.0,1.0
1978.0,1987.0,1.0
1978.0,1988.0,1.0
1978.0,1989.0,1.0
1978.0,1990.0,1.0
1978.0,1991.0,1.0
1978.0,1992.0,1.0
1978.0,1993.0,1.0
1978.0,1994.0,1.0
1978.0,1995.0,1.0
1978.0,1996.0,1.0
1978.0,1997.0,1.0
1978.0,1998.0,1.0
1978.0,1999.0,1.0
1978.0,2000.0,1.0
1978.0,2001.0,1.0
1978.0,2002.0,1.0
1978.0,2003.0,1.0
1978.0,2004.0,1.0
1978.0,2005.0,1.0
1978.0,2006.0,1.0
1978.0,2007.0,1.0
1978.0,2008.0,1.0
1978.0,2009.0,1.0
1978.0,2009.5,1.0
1978.0,2010.0,1.0
1978.0,2011.0,1.0
1978.0,2012.0,1.0
1978.0,2013.0,1.0
1978.0,2014.0,1.0
1978.0,2015.0,1.0
1978.0,2016.0,1.0
1978.0,2017.0,1.0
1978.0,2018.0,1.0
1979.0,1979.0,0.04765136757258405
1979.0,1980.0,0.952841191123198
1979.0,1981.0,1.0
1979.0,1982.0,1.0
1979.0,1983.0,1.0
1979.0,1984.0,1.0
1979.0,1985.0,1.0
1979.0,1986.0,1.0
1979.0,1987.0,1.0
1979.0,1988.0,1.0
1979.0,1989.0,1.0
1979.0,1990.0,1.0
1979.0,1991.0,1.0
1979.0,1992.0,1.0
1979.0,1993.0,1.0
1979.0,1994.0,1.0
1979.0,1995.0,1.0
1979.0,1996.0,1.0
1979.0,1997.0,1.0
1979.0,1998.0,1.0
1979.0,1999.0,1.0
1979.0,2000.0,1.0
1979.0,2001.0,1.0
1979.0,2002.0,1.0
1979.0,2003.0,1.0
1979.0,2004.0,1.0
1979.0,2005.0,1.0
1979.0,2006.0,1.0
1979.0,2007.0,1.0
1979.0,2008.0,1.0
1979.0,2009.0,1.0
1979.0,2009.5,1.0
1979.0,2010.0,1.0
1979.0,2011.0,1.0
1979.0,2012.0,1.0
1979.0,2013.0,1.0
1979.0,2014.0,1.0
1979.0,2015.0,1.0
1979.0,2016.0,1.0
1979.0,2017.0,1.0
1979.0,2018.0,1.0
1980.0,1980.0,0.046752285165554186
1980.0,1981.0,0.8745820806574275
1980.0,1982.0,1.0
1980.0,1983.0,1.0
1980.0,1984.0,1.0
1980.0,1985.0,1.0
1980.0,1986.0,1.0
1980.0,1987.0,1.0
1980.0,1988.0,1.0
1980.0,1989.0,1.0
1980.0,1990.0,1.0
1980.0,1991.0,1.0
1980.0,1992.0,1.0
1980.0,1993.0,1.0
1980.0,1994.0,1.0
1980.0,1995.0,1.0
1980.0,1996.0,1.0
1980.0,1997.0,1.0
1980.0,1998.0,1.0
1980.0,1999.0,1.0
1980.0,2000.0,1.0
1980.0,2001.0,1.0
1980.0,2002.0,1.0
1980.0,2003.0,1.0
1980.0,2004.0,1.0
1980.0,2005.0,1.0
1980.0,2006.0,1.0
1980.0,2007.0,1.0
1980.0,2008.0,1.0
1980.0,2009.0,1.0
1980.0,2009.5,1.0
1980.0,2010.0,1.0
1980.0,2011.0,1.0
1980.0,2012.0,1.0
1980.0,2013.0,1.0
1980.0,2014.0,1.0
1980.0,2015.0,1.0
1980.0,2016.0,1.0
1980.0,2017.0,1.0
1980.0,2018.0,1.0
1981.0,1981.0,0.05783766753339484
1981.0,1982.0,0.8858753541146586
1981.0,1983.0,1.0
1981.0,1984.0,1.0
1981.0,1985.0,1.0
1981.0,1986.0,1.0
1981.0,1987.0,1.0
1981.0,1988.0,1.0
1981.0,1989.0,1.0
1981.0,1990.0,1.0
1981.0,1991.0,1.0
1981.0,1992.0,1.0
1981.0,1993.0,1.0
1981.0,1994.0,1.0
1981.0,1995.0,1.0
1981.0,1996.0,1.0
1981.0,1997.0,1.0
1981.0,1998.0,1.0
1981.0,1999.0,1.0
1981.0,2000.0,1.0
1981.0,2001.0,1.0
1981.0,2002.0,1.0
1981.0,2003.0,1.0
1981.0,2004.0,1.0
1981.0,2005.0,1.0
1981.0,2006.0,1.0
1981.0,2007.0,1.0
1981.0,2008.0,1.0
1981.0,2009.0,1.0
1981.0,2009.5,1.0
1981.0,2010.0,1.0
1981.0,2011.0,1.0
1981.0,2012.0,1.0
1981.0,2013.0,1.0
1981.0,2014.0,1.0
1981.0,2015.0,1.0
1981.0,2016.0,1.0
1981.0,2017.0,1.0
1981.0,2018.0,1.0
1982.0,1982.0,0.05783766753339484
1982.0,1983.0,0.8858753541146586
1982.0,1984.0,1.0
1982.0,1985.0,1.0
1982.0,1986.0,1.0
1982.0,1987.0,1.0
1982.0,1988.0,1.0
1982.0,1989.0,1.0
1982.0,1990.0,1.0
1982.0,1991.0,1.0
1982.0,1992.0,1.0
1982.0,1993.0,1.0
1982.0,1994.0,1.0
1982.0,1995.0,1.0
1982.0,1996.0,1.0
1982.0,1997.0,1.0
1982.0,1998.0,1.0
1982.0,1999.0,1.0
1982.0,2000.0,1.0
1982.0,2001.0,1.0
1982.0,2002.0,1.0
1982.0,2003.0,1.0
1982.0,2004.0,1.0
1982.0,2005.0,1.0
1982.0,2006.0,1.0
1982.0,2007.0,1.0
1982.0,2008.0,1.0
1982.0,2009.0,1.0
1982.0,2009.5,1.0
1982.0,2010.0,1.0
1982.0,2011.0,1.0
1982.0,2012.0,1.0
1982.0,2013.0,1.0
1982.0,2014.0,1.0
1982.0,2015.0,1.0
1982.0,2016.0,1.0
1982.0,2017.0,1.0
1982.0,2018.0,1.0
1983.0,1983.0,0.05783766753339484
1983.0,1984.0,0.8858753541146586
1983.0,1985.0,1.0
1983.0,1986.0,1.0
1983.0,1987.0,1.0
1983.0,1988.0,1.0
1983.0,1989.0,1.0
1983.0,1990.0,1.0
1983.0,1991.0,1.0
1983.0,1992.0,1.0
1983.0,1993.0,1.0
1983.0,1994.0,1.0
1983.0,1995.0,1.0
1983.0,1996.0,1.0
1983.0,1997.0,1.0
1983.0,1998.0,1.0
1983.0,1999.0,1.0
1983.0,2000.0,1.0
1983.0,2001.0,1.0
1983.0,2002.0,1.0
1983.0,2003.0,1.0
1983.0,2004.0,1.0
1983.0,2005.0,1.0
1983.0,2006.0,1.0
1983.0,2007.0,1.0
1983.0,2008.0,1.0
1983.0,2009.0,1.0
1983.0,2009.5,1.0
1983.0,2010.0,1.0
1983.0,2011.0,1.0
1983.0,2012.0,1.0
1983.0,2013.0,1.0
1983.0,2014.0,1.0
1983.0,2015.0,1.0
1983.0,2016.0,1.0
1983.0,2017.0,1.0
1983.0,2018.0,1.0
1984.0,1984.0,0.05783766753339484
1984.0,1985.0,0.8870802629262632
1984.0,1986.0,1.0
1984.0,1987.0,1.0
1984.0,1988.0,1.0
1984.0,1989.0,1.0
1984.0,1990.0,1.0
1984.0,1991.0,1.0
1984.0,1992.0,1.0
1984.0,1993.0,1.0
1984.0,1994.0,1.0
1984.0,1995.0,1.0
1984.0,1996.0,1.0
1984.0,1997.0,1.0
1984.0,1998.0,1.0
1984.0,1999.0,1.0
1984.0,2000.0,1.0
1984.0,2001.0,1.0
1984.0,2002.0,1.0
1984.0,2003.0,1.0
1984.0,2004.0,1.0
1984.0,2005.0,1.0
1984.0,2006.0,1.0
1984.0,2007.0,1.0
1984.0,2008.0,1.0
1984.0,2009.0,1.0
1984.0,2009.5,1.0
1984.0,2010.0,1.0
1984.0,2011.0,1.0
1984.0,2012.0,1.0
1984.0,2013.0,1.0
1984.0,2014.0,1.0
1984.0,2015.0,1.0
1984.0,2016.0,1.0
1984.0,2017.0,1.0
1984.0,2018.0,1.0
1985.0,1985.0,0.04765136757258405
1985.0,1986.0,0.952841191123198
1985.0,1987.0,1.0
1985.0,1988.0,1.0
1985.0,1989.0,1.0
1985.0,1990.0,1.0
1985.0,1991.0,1.0
1985.0,1992.0,1.0
1985.0,1993.0,1.0
1985.0,1994.0,1.0
1985.0,1995.0,1.0
1985.0,1996.0,1.0
1985.0,1997.0,1.0
1985.0,1998.0,1.0
1985.0,1999.0,1.0
1985.0,2000.0,1.0
1985.0,2001.0,1.0
1985.0,2002.0,1.0
1985.0,2003.0,1.0
1985.0,2004.0,1.0
1985.0,2005.0,1.0
1985.0,2006.0,1.0
1985.0,2007.0,1.0
1985.0,2008.0,1.0
1985.0,2009.0,1.0
1985.0,2009.5,1.0
1985.0,2010.0,1.0
1985.0,2011.0,1.0
1985.0,2012.0,1.0
1985.0,2013.0,1.0
1985.0,2014.0,1.0
1985.0,2015.0,1.0
1985.0,2016.0,1.0
1985.0,2017.0,1.0
1985.0,2018.0,1.0
1986.0,1986.0,0.046752285165554186
1986.0,1987.0,0.8745820806574275
1986.0,1988.0,1.0
1986.0,1989.0,1.0
1986.0,1990.0,1.0
1986.0,1991.0,1.0
1986.0,1992.0,1.0
1986.0,1993.0,1.0
1986.0,1994.0,1.0
1986.0,1995.0,1.0
1986.0,1996.0,1.0
1986.0,1997.0,1.0
1986.0,1998.0,1.0
1986.0,1999.0,1.0
1986.0,2000.0,1.0
1986.0,2001.0,1.0
1986.0,2002.0,1.0
1986.0,2003.0,1.0
1986.0,2004.0,1.0
1986.0,2005.0,1.0
1986.0,2006.0,1.0
1986.0,2007.0,1.0
1986.0,2008.0,1.0
1986.0,2009.0,1.0
1986.0,2009.5,1.0
1986.0,2010.0,1.0
1986.0,2011.0,1.0
1986.0,2012.0,1.0
1986.0,2013.0,1.0
1986.0,2014.0,1.0
1986.0,2015.0,1.0
1986.0,2016.0,1.0
1986.0,2017.0,1.0
1986.0,2018.0,1.0
1987.0,1987.0,0.05783766753339484
1987.0,1988.0,0.8858753541146586
1987.0,1989.0,1.0
1987.0,1990.0,1.0
1987.0,1991.0,1.0
1987.0,1992.0,1.0
1987.0,1993.0,1.0
1987.0,1994.0,1.0
1987.0,1995.0,1.0
1987.0,1996.0,1.0
1987.0,1997.0,1.0
1987.0,1998.0,1.0
1987.0,1999.0,1.0
1987.0,2000.0,1.0
1987.0,2001.0,1.0
1987.0,2002.0,1.0
1987.0,2003.0,1.0
1987.0,2004.0,1.0
1987.0,2005.0,1.0
1987.0,2006.0,1.0
1987.0,2007.0,1.0
1987.0,2008.0,1.0
1987.0,2009.0,1.0
1987.0,2009.5,1.0
1987.0,2010.0,1.0
1987.0,2011.0,1.0
1987.0,2012.0,1.0
1987.0,2013.0,1.0
1987.0,2014.0,1.0
1987.0,2015.0,1.0
1987.0,2016.0,1.0
1987.0,2017.0,1.0
1987.0,2018.0,1.0
1988.0,1988.0,0.05783766753339484
1988.0,1989.0,0.8858753541146586
1988.0,1990.0,1.0
1988.0,1991.0,1.0
1988.0,1992.0,1.0
1988.0,1993.0,1.0
1988.0,1994.0,1.0
1988.0,1995.0,1.0
1988.0,1996.0,1.0
1988.0,1997.0,1.0
1988.0,1998.0,1.0
1988.0,1999.0,1.0
1988.0,2000.0,1.0
1988.0,2001.0,1.0
1988.0,2002.0,1.0
1988.0,2003.0,1.0
1988.0,2004.0,1.0
1988.0,2005.0,1.0
1988.0,2006.0,1.0
1988.0,2007.0,1.0
1988.0,2008.0,1.0
1988.0,2009.0,1.0
1988.0,2009.5,1.0
1988.0,2010.0,1.0
1988.0,2011.0,1.0
1988.0,2012.0,1.0
1988.0,2013.0,1.0
1988.0,2014.0,1.0
1988.0,2015.0,1.0
1988.0,2016.0,1.0
1988.0,2017.0,1.0
1988.0,2018.0,1.0
1989.0,1989.0,0.05783766753339484
1989.0,1990.0,0.8858753541146586
1989.0,1991.0,1.0
1989.0,1992.0,1.0
1989.0,1993.0,1.0
1989.0,1994.0,1.0
1989.0,1995.0,1.0
1989.0,1996.0,1.0
1989.0,1997.0,1.0
1989.0,1998.0,1.0
1989.0,1999.0,1.0
1989.0,2000.0,1.0
1989.0,2001.0,1.0
1989.0,2002.0,1.0
1989.0,2003.0,1.0
1989.0,2004.0,1.0
1989.0,2005.0,1.0
1989.0,2006.0,1.0
1989.0,2007.0,1.0
1989.0,2008.0,1.0
1989.0,2009.0,1.0
1989.0,2009.5,1.0
1989.0,2010.0,1.0
1989.0,2011.0,1.0
1989.0,2012.0,1.0
1989.0,2013.0,1.0
1989.0,2014.0,1.0
1989.0,2015.0,1.0
1989.0,2016.0,1.0
1989.0,2017.0,1.0
1989.0,2018.0,1.0
1990.0,1990.0,0.04765136757258405
1990.0,1991.0,0.87835109097027
1990.0,1992.0,1.0
1990.0,1993.0,1.0
1990.0,1994.0,1.0
1990.0,1995.0,1.0
1990.0,1996.0,1.0
1990.0,1997.0,1.0
1990.0,1998.0,1.0
1990.0,1999.0,1.0
1990.0,2000.0,1.0
1990.0,2001.0,1.0
1990.0,2002.0,1.0
1990.0,2003.0,1.0
1990.0,2004.0,1.0
1990.0,2005.0,1.0
1990.0,2006.0,1.0
1990.0,2007.0,1.0
1990.0,2008.0,1.0
1990.0,2009.0,1.0
1990.0,2009.5,1.0
1990.0,2010.0,1.0
1990.0,2011.0,1.0
1990.0,2012.0,1.0
1990.0,2013.0,1.0
1990.0,2014.0,1.0
1990.0,2015.0,1.0
1990.0,2016.0,1.0
1990.0,2017.0,1.0
1990.0,2018.0,1.0
1991.0,1991.0,0.04765136757258405
1991.0,1992.0,0.952841191123198
1991.0,1993.0,1.0
1991.0,1994.0,1.0
1991.0,1995.0,1.0
1991.0,1996.0,1.0
1991.0,1997.0,1.0
1991.0,1998.0,1.0
1991.0,1999.0,1.0
1991.0,2000.0,1.0
1991.0,2001.0,1.0
1991.0,2002.0,1.0
1991.0,2003.0,1.0
1991.0,2004.0,1.0
1991.0,2005.0,1.0
1991.0,2006.0,1.0
1991.0,2007.0,1.0
1991.0,2008.0,1.0
1991.0,2009.0,1.0
1991.0,2009.5,1.0
1991.0,2010.0,1.0
1991.0,2011.0,1.0
1991.0,2012.0,1.0
1991.0,2013.0,1.0
1991.0,2014.0,1.0
1991.0,2015.0,1.0
1991.0,2016.0,1.0
1991.0,2017.0,1.0
1991.0,2018.0,1.0
1992.0,1992.0,0.046752285165554186
1992.0,1993.0,0.8745820806574275
1992.0,1994.0,1.0
1992.0,1995.0,1.0
1992.0,1996.0,1.0
1992.0,1997.0,1.0
1992.0,1998.0,1.0
1992.0,1999.0,1.0
1992.0,2000.0,1.0
1992.0,2001.0,1.0
1992.0,2002.0,1.0
1992.0,2003.0,1.0
1992.0,2004.0,1.0
1992.0,2005.0,1.0
1992.0,2006.0,1.0
1992.0,2007.0,1.0
1992.0,2008.0,1.0
1992.0,2009.0,1.0
1992.0,2009.5,1.0
1992.0,2010.0,1.0
1992.0,2011.0,1.0
1992.0,2012.0,1.0
1992.0,2013.0,1.0
1992.0,2014.0,1.0
1992.0,2015.0,1.0
1992.0,2016.0,1.0
1992.0,2017.0,1.0
1992.0,2018.0,1.0
1993.0,1993.0,0.05783766753339484
1993.0,1994.0,0.8858753541146586
1993.0,1995.0,1.0
1993.0,1996.0,1.0
1993.0,1997.0,1.0
1993.0,1998.0,1.0
1993.0,1999.0,1.0
1993.0,2000.0,1.0
1993.0,2001.0,1.0
1993.0,2002.0,1.0
1993.0,2003.0,1.0
1993.0,2004.0,1.0
1993.0,2005.0,1.0
1993.0,2006.0,1.0
1993.0,2007.0,1.0
1993.0,2008.0,1.0
1993.0,2009.0,1.0
1993.0,2009.5,1.0
1993.0,2010.0,1.0
1993.0,2011.0,1.0
1993.0,2012.0,1.0
1993.0,2013.0,1.0
1993.0,2014.0,1.0
1993.0,2015.0,1.0
1993.0,2016.0,1.0
1993.0,2017.0,1.0
1993.0,2018.0,1.0
1994.0,1994.0,0.05783766753339484
1994.0,1995.0,0.8858753541146586
1994.0,1996.0,1.0
1994.0,1997.0,1.0
1994.0,1998.0,1.0
1994.0,1999.0,1.0
1994.0,2000.0,1.0
1994.0,2001.0,1.0
1994.0,2002.0,1.0
1994.0,2003.0,1.0
1994.0,2004.0,1.0
1994.0,2005.0,1.0
1994.0,2006.0,1.0
1994.0,2007.0,1.0
1994.0,2008.0,1.0
1994.0,2009.0,1.0
1994.0,2009.5,1.0
1994.0,2010.0,1.0
1994.0,2011.0,1.0
1994.0,2012.0,1.0
1994.0,2013.0,1.0
1994.0,2014.0,1.0
1994.0,2015.0,1.0
1994.0,2016.0,1.0
1994.0,2017.0,1.0
1994.0,2018.0,1.0
1995.0,1995.0,0.05783766753339484
1995.0,1996.0,0.8858753541146586
1995.0,1997.0,1.0
1995.0,1998.0,1.0
1995.0,1999.0,1.0
1995.0,2000.0,1.0
1995.0,2001.0,1.0
1995.0,2002.0,1.0
1995.0,2003.0,1.0
1995.0,2004.0,1.0
1995.0,2005.0,1.0
1995.0,2006.0,1.0
1995.0,2007.0,1.0
1995.0,2008.0,1.0
1995.0,2009.0,1.0
1995.0,2009.5,1.0
1995.0,2010.0,1.0
1995.0,2011.0,1.0
1995.0,2012.0,1.0
1995.0,2013.0,1.0
1995.0,2014.0,1.0
1995.0,2015.0,1.0
1995.0,2016.0,1.0
1995.0,2017.0,1.0
1995.0,2018.0,1.0
1996.0,1996.0,0.04765136757258405
1996.0,1997.0,0.952841191123198
1996.0,1998.0,1.0
1996.0,1999.0,1.0
1996.0,2000.0,1.0
1996.0,2001.0,1.0
1996.0,2002.0,1.0
1996.0,2003.0,1.0
1996.0,2004.0,1.0
1996.0,2005.0,1.0
1996.0,2006.0,1.0
1996.0,2007.0,1.0
1996.0,2008.0,1.0
1996.0,2009.0,1.0
1996.0,2009.5,1.0
1996.0,2010.0,1.0
1996.0,2011.0,1.0
1996.0,2012.0,1.0
1996.0,2013.0,1.0
1996.0,2014.0,1.0
1996.0,2015.0,1.0
1996.0,2016.0,1.0
1996.0,2017.0,1.0
1996.0,2018.0,1.0
1997.0,1997.0,0.046752285165554186
1997.0,1998.0,0.8885064716981133
1997.0,1999.0,1.0
1997.0,2000.0,1.0
1997.0,2001.0,1.0
1997.0,2002.0,1.0
1997.0,2003.0,1.0
1997.0,2004.0,1.0
1997.0,2005.0,1.0
1997.0,2006.0,1.0
1997.0,2007.0,1.0
1997.0,2008.0,1.0
1997.0,2009.0,1.0
1997.0,2009.5,1.0
1997.0,2010.0,1.0
1997.0,2011.0,1.0
1997.0,2012.0,1.0
1997.0,2013.0,1.0
1997.0,2014.0,1.0
1997.0,2015.0,1.0
1997.0,2016.0,1.0
1997.0,2017.0,1.0
1997.0,2018.0,1.0
1998.0,1998.0,0.03013094230769231
1998.0,1999.0,0.99547425
1998.0,2000.0,1.0
1998.0,2001.0,1.0
1998.0,2002.0,1.0
1998.0,2003.0,1.0
1998.0,2004.0,1.0
1998.0,2005.0,1.0
1998.0,2006.0,1.0
1998.0,2007.0,1.0
1998.0,2008.0,1.0
1998.0,2009.0,1.0
1998.0,2009.5,1.0
1998.0,2010.0,1.0
1998.0,2011.0,1.0
1998.0,2012.0,1.0
1998.0,2013.0,1.0
1998.0,2014.0,1.0
1998.0,2015.0,1.0
1998.0,2016.0,1.0
1998.0,2017.0,1.0
1998.0,2018.0,1.0
1999.0,1999.0,0.06980698076923075
1999.0,2000.0,0.9421375384615386
1999.0,2001.0,1.0
1999.0,2002.0,1.0
1999.0,2003.0,1.0
1999.0,2004.0,1.0
1999.0,2005.0,1.0
1999.0,2006.0,1.0
1999.0,2007.0,1.0
1999.0,2008.0,1.0
1999.0,2009.0,1.0
1999.0,2009.5,1.0
1999.0,2010.0,1.0
1999.0,2011.0,1.0
1999.0,2012.0,1.0
1999.0,2013.0,1.0
1999.0,2014.0,1.0
1999.0,2015.0,1.0
1999.0,2016.0,1.0
1999.0,2017.0,1.0
1999.0,2018.0,1.0
2000.0,2000.0,0.006834999999999999
2000.0,2001.0,0.9750903076923078
2000.0,2002.0,1.0
2000.0,2003.0,1.0
2000.0,2004.0,1.0
2000.0,2005.0,1.0
2000.0,2006.0,1.0
2000.0,2007.0,1.0
2000.0,2008.0,1.0
2000.0,2009.0,1.0
2000.0,2009.5,1.0
2000.0,2010.0,1.0
2000.0,2011.0,1.0
2000.0,2012.0,1.0
2000.0,2013.0,1.0
2000.0,2014.0,1.0
2000.0,2015.0,1.0
2000.0,2016.0,1.0
2000.0,2017.0,1.0
2000.0,2018.0,1.0
2001.0,2001.0,0.013890634615384614
2001.0,2002.0,0.9859125192307691
2001.0,2003.0,1.0
2001.0,2004.0,1.0
2001.0,2005.0,1.0
2001.0,2006.0,1.0
2001.0,2007.0,1.0
2001.0,2008.0,1.0
2001.0,2009.0,1.0
2001.0,2009.5,1.0
2001.0,2010.0,1.0
2001.0,2011.0,1.0
2001.0,2012.0,1.0
2001.0,2013.0,1.0
2001.0,2014.0,1.0
2001.0,2015.0,1.0
2001.0,2016.0,1.0
2001.0,2017.0,1.0
2001.0,2018.0,1.0
2002.0,2002.0,0.05598265384615385
2002.0,2003.0,1.068331850152928
2002.0,2004.0,1.0
2002.0,2005.0,1.0
2002.0,2006.0,1.0
2002.0,2007.0,1.0
2002.0,2008.0,1.0
2002.0,2009.0,1.0
2002.0,2009.5,1.0
2002.0,2010.0,1.0
2002.0,2011.0,1.0
2002.0,2012.0,1.0
2002.0,2013.0,1.0
2002.0,2014.0,1.0
2002.0,2015.0,1.0
2002.0,2016.0,1.0
2002.0,2017.0,1.0
2002.0,2018.0,1.0
2003.0,2003.0,0.08169916981132075
2003.0,2004.0,0.7979249811320756
2003.0,2005.0,1.0
2003.0,2006.0,1.0
2003.0,2007.0,1.0
2003.0,2008.0,1.0
2003.0,2009.0,1.0
2003.0,2009.5,1.0
2003.0,2010.0,1.0
2003.0,2011.0,1.0
2003.0,2012.0,1.0
2003.0,2013.0,1.0
2003.0,2014.0,1.0
2003.0,2015.0,1.0
2003.0,2016.0,1.0
2003.0,2017.0,1.0
2003.0,2018.0,1.0
2004.0,2004.0,0.0020173846153846158
2004.0,2005.0,0.9867883846153844
2004.0,2006.0,1.0
2004.0,2007.0,1.0
2004.0,2008.0,1.0
2004.0,2009.0,1.0
2004.0,2009.5,1.0
2004.0,2010.0,1.0
2004.0,2011.0,1.0
2004.0,2012.0,1.0
2004.0,2013.0,1.0
2004.0,2014.0,1.0
2004.0,2015.0,1.0
2004.0,2016.0,1.0
2004.0,2017.0,1.0
2004.0,2018.0,1.0
2005.0,2005.0,0.06228711538461539
2005.0,2006.0,0.9813550000000001
2005.0,2007.0,1.0
2005.0,2008.0,1.0
2005.0,2009.0,1.0
2005.0,2009.5,1.0
2005.0,2010.0,1.0
2005.0,2011.0,1.0
2005.0,2012.0,1.0
2005.0,2013.0,1.0
2005.0,2014.0,1.0
2005.0,2015.0,1.0
2005.0,2016.0,1.0
2005.0,2017.0,1.0
2005.0,2018.0,1.0
2006.0,2006.0,0.08975034615384617
2006.0,2007.0,0.9826267884615382
2006.0,2008.0,1.0
2006.0,2009.0,1.0
2006.0,2009.5,1.0
2006.0,2010.0,1.0
2006.0,2011.0,1.0
2006.0,2012.0,1.0
2006.0,2013.0,1.0
2006.0,2014.0,1.0
2006.0,2015.0,1.0
2006.0,2016.0,1.0
2006.0,2017.0,1.0
2006.0,2018.0,1.0
2007.0,2007.0,0.0829568846153846
2007.0,2008.0,1.0628139463067745
2007.0,2009.0,1.0
2007.0,2009.5,1.0
2007.0,2010.0,1.0
2007.0,2011.0,1.0
2007.0,2012.0,1.0
2007.0,2013.0,1.0
2007.0,2014.0,1.0
2007.0,2015.0,1.0
2007.0,2016.0,1.0
2007.0,2017.0,1.0
2007.0,2018.0,1.0
2008.0,2008.0,0.0593064716981132
2008.0,2009.0,0.9661804339622642
2008.0,2009.5,1.000002
2008.0,2010.0,1.0
2008.0,2011.0,1.0
2008.0,2012.0,1.0
2008.0,2013.0,1.0
2008.0,2014.0,1.0
2008.0,2015.0,1.0
2008.0,2016.0,1.0
2008.0,2017.0,1.0
2008.0,2018.0,1.0
2009.0,2009.0,0.07127107692307691
2009.0,2009.5,0.646770596153846
2009.0,2010.0,0.9587947307692305
2009.0,2011.0,1.0
2009.0,2012.0,1.0
2009.0,2013.0,1.0
2009.0,2014.0,1.0
2009.0,2015.0,1.0
2009.0,2016.0,1.0
2009.0,2017.0,1.0
2009.0,2018.0,1.0
2010.0,2010.0,0.08553525
2010.0,2011.0,0.9802915961538464
2010.0,2012.0,1.0
2010.0,2013.0,1.0
2010.0,2014.0,1.0
2010.0,2015.0,1.0
2010.0,2016.0,1.0
2010.0,2017.0,1.0
2010.0,2018.0,1.0
2011.0,2011.0,0.057886596153846163
2011.0,2012.0,0.993914096153846
2011.0,2013.0,1.0
2011.0,2014.0,1.0
2011.0,2015.0,1.0
2011.0,2016.0,1.0
2011.0,2017.0,1.0
2011.0,2018.0,1.0
2012.0,2012.0,0.17964992307692318
2012.0,2013.0,0.9539761538461536
2012.0,2014.0,1.0
2012.0,2015.0,1.0
2012.0,2016.0,1.0
2012.0,2017.0,1.0
2012.0,2018.0,1.0
2013.0,2013.0,0.03116178846153846
2013.0,2014.0,1.023180407845236
2013.0,2015.0,1.0
2013.0,2016.0,1.0
2013.0,2017.0,1.0
2013.0,2018.0,1.0
2014.0,2014.0,0.047278792452830176
2014.0,2015.0,0.8241096603773584
2014.0,2016.0,1.0
2014.0,2017.0,1.0
2014.0,2018.0,1.0
2015.0,2015.0,0.022589346153846158
2015.0,2016.0,0.993236096153846
2015.0,2017.0,1.0
2015.0,2018.0,1.0
2016.0,2016.0,0.1349827115384616
2016.0,2017.0,0.9861189230769232
2016.0,2018.0,1.0
2017.0,2017.0,0.07743780769230772
2017.0,2018.0,0.9741108076923076
2018.0,2018.0,0.031362903846153846
